{"type":"FeatureCollection","features":[{"type":"Feature","properties":{"name":"Росія"},"geometry":{"type":"MultiPolygon","coordinates":[[[[178.7253,71.0988],[180,71.5157],[180,70.8322],[178.9034,70.7811],[178.7253,71.0988]]],[[[49.1012,46.3993],[48.6454,45.8063],[47.6759,45.6415],[46.682,44.6092],[47.5909,43.6602],[47.4925,42.9866],[48.5844,41.8089],[47.9873,41.4058],[47.8157,41.1514],[47.3733,41.2197],[46.6861,41.8271],[46.405,41.8607],[45.7764,42.0924],[45.4703,42.5028],[44.5376,42.712],[43.9312,42.555],[43.756,42.7408],[42.3944,43.2203],[40.9222,43.3822],[40.077,43.5531],[39.955,43.435],[38.68,44.28],[37.5391,44.6572],[36.6755,45.2447],[37.4032,45.4045],[38.233,46.2409],[37.6737,46.6366],[39.1477,47.0448],[39.1212,47.2634],[38.2235,47.1022],[38.2551,47.5464],[38.7706,47.8256],[39.7383,47.8989],[39.8956,48.2324],[39.6746,48.7838],[40.0808,49.3074],[40.069,49.6011],[38.595,49.9265],[38.0106,49.9157],[37.3935,50.384],[36.6262,50.2256],[35.3561,50.5772],[35.3779,50.7739],[35.0222,51.2076],[34.2248,51.256],[34.142,51.5664],[34.3917,51.7689],[33.7527,52.3351],[32.7158,52.2385],[32.4121,52.2887],[32.1594,52.0613],[31.786,52.1017],[31.54,52.7421],[31.3052,53.074],[31.4976,53.1674],[32.3045,53.1327],[32.6936,53.3514],[32.4056,53.618],[31.7313,53.794],[31.7914,53.9746],[31.3845,54.1571],[30.7575,54.8118],[30.9718,55.0815],[30.8739,55.551],[29.8963,55.7895],[29.3716,55.6701],[29.2295,55.9183],[28.1767,56.1691],[27.8553,56.7593],[27.77,57.2443],[27.2882,57.4745],[27.7167,57.7919],[27.4201,58.7246],[28.1317,59.3008],[27.9811,59.4754],[29.1177,60.0281],[28.07,60.5035],[30.2111,61.78],[31.14,62.3577],[31.5161,62.8677],[30.0359,63.5528],[30.4447,64.2045],[29.5444,64.9487],[30.2176,65.806],[29.0546,66.9443],[29.9774,67.6983],[28.4459,68.3646],[28.5919,69.0648],[29.3996,69.1569],[31.101,69.5581],[32.1327,69.906],[33.7755,69.3014],[36.514,69.0634],[40.2923,67.9324],[41.0599,67.4571],[41.126,66.7916],[40.0158,66.2662],[38.383,65.9995],[33.9187,66.7596],[33.1844,66.6325],[34.8148,65.9001],[34.8786,65.4362],[34.9439,64.4144],[36.2313,64.1094],[37.0127,63.8498],[37.142,64.3347],[36.5396,64.7645],[37.176,65.1432],[39.5934,64.5208],[40.4356,64.7645],[39.7626,65.4968],[42.0931,66.4762],[43.016,66.4186],[43.9498,66.0691],[44.5323,66.7563],[43.6984,67.3525],[44.188,67.9505],[43.4528,68.5708],[46.25,68.25],[46.8213,67.69],[45.5552,67.5665],[45.562,67.0101],[46.3492,66.6677],[47.8942,66.8846],[48.1388,67.5224],[50.2277,67.9987],[53.7174,68.8574],[54.4717,68.8081],[53.4858,68.2013],[54.7263,68.097],[55.4427,68.4387],[57.317,68.4663],[58.802,68.8808],[59.9414,68.2784],[61.0778,68.9407],[60.03,69.52],[60.55,69.85],[63.504,69.5474],[64.8881,69.2348],[68.5122,68.0923],[69.1807,68.6156],[68.1644,69.1444],[68.1352,69.3565],[66.9301,69.4546],[67.2598,69.9287],[66.7249,70.7089],[66.6947,71.029],[68.5401,71.9345],[69.1964,72.8434],[69.94,73.04],[72.5875,72.7763],[72.796,72.2201],[71.8481,71.409],[72.4701,71.0902],[72.7919,70.3911],[72.5647,69.0208],[73.6679,68.4079],[73.2387,67.7404],[71.28,66.32],[72.423,66.1727],[72.8208,66.5327],[73.921,66.7895],[74.1865,67.2843],[75.052,67.7605],[74.4693,68.329],[74.9358,68.9892],[73.8424,69.0715],[73.6019,69.6276],[74.3998,70.6317],[73.1011,71.4472],[74.8908,72.1212],[74.6593,72.8323],[75.158,72.855],[75.6835,72.3006],[75.289,71.3356],[76.3591,71.1529],[75.9031,71.874],[77.5767,72.2672],[79.652,72.3201],[81.5,71.75],[80.6107,72.5828],[80.5111,73.6482],[82.25,73.85],[84.6553,73.8059],[86.8223,73.9369],[86.0096,74.4597],[87.1668,75.1164],[88.3157,75.1439],[90.26,75.64],[92.9006,75.7733],[93.2342,76.0472],[95.86,76.14],[96.6782,75.9155],[98.9225,76.4469],[100.7597,76.4303],[101.0353,76.8619],[101.9908,77.2875],[104.3516,77.6979],[106.0666,77.3739],[104.705,77.1274],[106.9701,76.9742],[107.24,76.48],[108.1538,76.7233],[111.0773,76.71],[113.3315,76.2222],[114.1342,75.8476],[113.8854,75.3278],[112.7792,75.0319],[110.1513,74.4767],[109.4,74.18],[110.64,74.04],[112.1192,73.7877],[113.0195,73.9769],[113.5296,73.335],[113.9688,73.5949],[115.5678,73.7528],[118.7763,73.5877],[119.02,73.12],[123.2007,72.9712],[123.2578,73.735],[125.38,73.56],[126.9764,73.5655],[128.5913,73.0387],[129.0516,72.3987],[128.46,71.98],[129.716,71.193],[131.2886,70.787],[132.2535,71.8363],[133.8577,71.3864],[135.5619,71.6552],[137.4975,71.3476],[138.2341,71.628],[139.8698,71.4878],[139.1479,72.4162],[140.4682,72.8494],[149.5,72.2],[150.3512,71.6064],[152.9689,70.8422],[157.0069,71.0314],[158.9978,70.8667],[159.8303,70.4532],[159.7087,69.722],[160.9405,69.4373],[162.2791,69.642],[164.0525,69.6682],[165.9404,69.472],[167.8357,69.5827],[169.5776,68.6938],[170.8169,69.0136],[170.0082,69.6528],[170.4535,70.097],[173.6439,69.8174],[175.724,69.8773],[178.6,69.4],[180,68.9636],[180,64.9797],[178.7072,64.5349],[177.4113,64.6082],[178.313,64.0759],[178.9083,63.252],[179.3703,62.9826],[179.4864,62.5689],[179.2283,62.3041],[177.3643,62.5219],[174.5693,61.7692],[173.6801,61.6526],[172.15,60.95],[170.6985,60.3362],[170.3308,59.8818],[168.9005,60.5735],[166.295,59.7886],[165.84,60.16],[164.8767,59.7316],[163.5393,59.8687],[163.2171,59.211],[162.0173,58.2433],[162.053,57.8391],[163.1919,57.615],[163.0579,56.1592],[162.1296,56.1222],[161.7015,55.2857],[162.1175,54.8551],[160.3688,54.3443],[160.0217,53.2026],[158.5309,52.9587],[158.2312,51.9427],[156.7898,51.011],[156.42,51.7],[155.9918,53.1589],[155.4337,55.381],[155.9144,56.7679],[156.7582,57.3647],[156.8103,57.832],[158.3643,58.0558],[160.1506,59.3148],[161.872,60.343],[163.6697,61.1409],[164.4735,62.5506],[163.2584,62.4663],[162.6579,61.6425],[160.1215,60.5442],[159.3023,61.774],[156.7207,61.4344],[154.2181,59.7582],[155.0437,59.145],[152.8118,58.8839],[151.2657,58.7809],[151.3382,59.504],[149.7837,59.6557],[148.5448,59.1645],[145.4872,59.3364],[142.1978,59.04],[138.9585,57.0881],[135.1262,54.7296],[136.7017,54.6035],[137.1934,53.9773],[138.1647,53.755],[138.8046,54.2546],[139.9015,54.1897],[141.3453,53.0896],[141.3792,52.2388],[140.5974,51.2397],[140.5131,50.0455],[140.0619,48.4467],[138.5547,46.9997],[138.2197,46.3079],[136.8623,45.1435],[135.5154,43.989],[134.8694,43.3982],[133.5369,42.8115],[132.9063,42.7985],[132.2781,43.2846],[130.9359,42.5527],[130.78,42.22],[130.64,42.395],[130.6339,42.903],[131.1447,42.93],[131.2886,44.1115],[131.0252,44.968],[131.8835,45.3212],[133.0971,45.1441],[133.7696,46.1169],[134.1123,47.2125],[134.5008,47.5784],[135.0263,48.4782],[133.3736,48.1834],[132.5067,47.789],[130.9873,47.7901],[130.5823,48.7297],[129.3978,49.4406],[127.6574,49.7603],[127.2875,50.7398],[126.9392,51.3539],[126.5644,51.7843],[125.9463,52.7928],[125.0682,53.161],[123.5715,53.4588],[122.2457,53.4317],[121.0031,53.2514],[120.1771,52.7539],[120.7258,52.5162],[120.7382,51.9641],[120.1821,51.6435],[119.2794,50.5829],[119.2885,50.1429],[117.8792,49.511],[116.6788,49.8885],[115.4857,49.8052],[114.9621,50.1402],[114.3625,50.2483],[112.8977,49.5436],[111.5812,49.378],[110.662,49.1301],[109.4024,49.293],[108.4752,49.2825],[107.8682,49.7937],[106.8888,50.2743],[105.8866,50.406],[104.6216,50.2753],[103.6765,50.09],[102.2559,50.5106],[102.0652,51.2599],[100.8895,51.5169],[99.9817,51.634],[98.8615,52.0474],[97.8257,51.011],[98.2318,50.4224],[97.2598,49.7261],[95.814,49.9775],[94.8159,50.0134],[94.1476,50.4805],[93.1042,50.4953],[92.2347,50.8022],[90.7137,50.3318],[88.8056,49.4705],[87.7513,49.2972],[87.36,49.215],[86.8294,49.8267],[85.5413,49.6929],[85.1156,50.1173],[84.4164,50.3114],[83.9351,50.8892],[83.383,51.0692],[81.946,50.8122],[80.5684,51.3883],[80.0356,50.8648],[77.8009,53.4044],[76.5252,54.177],[76.8911,54.4905],[74.3848,53.5468],[73.4257,53.4898],[73.5085,54.0356],[72.2241,54.3767],[71.1801,54.1333],[70.8653,55.1697],[69.0682,55.3852],[68.1691,54.9704],[65.6669,54.6013],[65.1785,54.3542],[61.4366,54.0063],[60.9781,53.665],[61.7,52.98],[60.74,52.72],[60.9273,52.4475],[59.9675,51.9604],[61.588,51.2727],[61.3374,50.7991],[59.9328,50.8422],[59.6423,50.5454],[58.3633,51.0636],[56.778,51.0436],[55.7169,50.6217],[54.5329,51.0262],[52.3287,51.7187],[50.7666,51.6928],[48.7024,50.6051],[48.5778,49.8748],[47.5495,50.4547],[46.7516,49.356],[47.0437,49.152],[46.4664,48.3942],[47.3152,47.7159],[48.0573,47.7438],[48.6947,47.0756],[48.5932,46.561],[49.1012,46.3993]]],[[[93.7777,81.0246],[95.9409,81.2504],[97.8838,80.747],[100.1867,79.7801],[99.9398,78.8809],[97.7579,78.7562],[94.9726,79.0447],[93.3129,79.4265],[92.5454,80.1438],[91.1811,80.3415],[93.7777,81.0246]]],[[[102.8378,79.2813],[105.3724,78.7133],[105.0755,78.3069],[99.4381,77.921],[101.2649,79.234],[102.0863,79.3464],[102.8378,79.2813]]],[[[138.8311,76.1368],[141.4716,76.0929],[145.0863,75.5626],[144.3,74.82],[140.6138,74.8477],[138.9554,74.6115],[136.9744,75.2617],[137.5118,75.9492],[138.8311,76.1368]]],[[[148.2222,75.3458],[150.7317,75.0841],[149.5759,74.6889],[147.9775,74.7784],[146.1192,75.173],[146.3585,75.4968],[148.2222,75.3458]]],[[[139.8631,73.3698],[140.8117,73.7651],[142.0621,73.8576],[143.4828,73.4753],[143.6038,73.2124],[142.0876,73.2054],[140.0382,73.3169],[139.8631,73.3698]]],[[[44.847,80.5898],[46.7991,80.7719],[48.3185,80.784],[48.5228,80.5146],[49.0972,80.754],[50.0398,80.9189],[51.5229,80.6997],[51.1362,80.5473],[49.7937,80.4154],[48.8944,80.3396],[48.7549,80.1755],[47.5861,80.0102],[46.5028,80.2472],[47.0725,80.5594],[44.847,80.5898]]],[[[22.7311,54.3275],[20.8922,54.3125],[19.6606,54.4261],[19.8885,54.8662],[21.2684,55.1905],[22.3157,55.0153],[22.7578,54.8566],[22.6511,54.5827],[22.7311,54.3275]]],[[[53.5083,73.7498],[55.9025,74.6275],[55.6319,75.0814],[57.8686,75.6094],[61.17,76.2519],[64.4984,76.4391],[66.211,76.8098],[68.1571,76.9397],[68.8522,76.5448],[68.1806,76.2336],[64.6373,75.7378],[61.5835,75.2609],[58.4771,74.3091],[56.9868,73.333],[55.4193,72.3713],[55.6228,71.5406],[57.5357,70.7205],[56.945,70.6327],[53.6774,70.7627],[53.412,71.2067],[51.6019,71.4748],[51.4558,72.0149],[52.4783,72.2294],[52.4442,72.7747],[54.4276,73.6275],[53.5083,73.7498]]],[[[142.9146,53.7046],[143.2608,52.7408],[143.2353,51.7567],[143.648,50.7476],[144.6541,48.9764],[143.1739,49.3066],[142.5587,47.8616],[143.5335,46.8367],[143.5053,46.1379],[142.7477,46.7408],[142.092,45.9668],[141.9069,46.8059],[142.0184,47.7801],[141.9044,48.8592],[142.1358,49.6152],[142.18,50.9523],[141.5941,51.9354],[141.6825,53.302],[142.6069,53.7621],[142.2097,54.2255],[142.6548,54.3659],[142.9146,53.7046]]],[[[-174.9282,67.2059],[-175.0143,66.5844],[-174.3398,66.3356],[-174.5718,67.0622],[-171.8573,66.9131],[-169.8996,65.9772],[-170.8911,65.5414],[-172.5302,65.4379],[-172.555,64.4608],[-172.9553,64.2527],[-173.8918,64.2826],[-174.6539,64.6312],[-175.9835,64.9229],[-176.2072,65.3567],[-177.2227,65.5202],[-178.3599,65.3905],[-178.9033,65.7404],[-178.6861,66.1121],[-179.8838,65.8746],[-179.4327,65.4041],[-180,64.9797],[-180,68.9636],[-177.55,68.2],[-174.9282,67.2059]]],[[[-178.6938,70.893],[-180,70.8322],[-180,71.5157],[-179.8719,71.5576],[-179.0243,71.5555],[-177.5779,71.2695],[-177.6636,71.1328],[-178.6938,70.893]]],[[[33.436,45.9719],[33.6995,46.2196],[34.4104,46.0052],[34.732,45.9657],[34.8618,45.7682],[35.0127,45.7377],[35.0208,45.6512],[35.51,45.41],[36.53,45.47],[36.3347,45.1132],[35.24,44.94],[33.8825,44.3615],[33.3264,44.5649],[33.5469,45.0348],[32.4542,45.3275],[32.6308,45.5192],[33.5882,45.8516],[33.436,45.9719]]]]}},{"type":"Feature","properties":{"name":"Норвегія"},"geometry":{"type":"MultiPolygon","coordinates":[[[[15.1428,79.6743],[15.5226,80.0161],[16.9908,80.0509],[18.2518,79.7018],[21.5438,78.9561],[19.0274,78.5626],[18.4717,77.8267],[17.5944,77.638],[17.1182,76.8094],[15.9131,76.7704],[13.7626,77.3804],[14.6696,77.7357],[13.1706,78.0249],[11.2223,78.8693],[10.4445,79.6524],[13.1708,80.0105],[13.7185,79.6604],[15.1428,79.6743]]],[[[31.101,69.5581],[29.3996,69.1569],[28.5919,69.0648],[29.0156,69.7665],[27.7323,70.1642],[26.1796,69.8253],[25.6892,69.0921],[24.7357,68.6496],[23.6621,68.8912],[22.3562,68.8417],[21.2449,69.3704],[20.6456,69.1062],[20.0253,69.0651],[19.8786,68.4072],[17.9939,68.5674],[17.7292,68.0106],[16.7689,68.0139],[16.1087,67.3025],[15.1084,66.1939],[13.5557,64.787],[13.9199,64.4454],[13.5719,64.0491],[12.5799,64.0662],[11.9306,63.1283],[11.9921,61.8004],[12.6311,61.2936],[12.3004,60.1179],[11.4683,59.4324],[11.0274,58.8561],[10.3566,59.4698],[8.382,58.3133],[7.0487,58.0789],[5.6658,58.5882],[5.3082,59.6632],[4.9921,61.971],[5.9129,62.6145],[8.5534,63.454],[10.5277,64.486],[12.3583,65.8797],[14.7611,67.8106],[16.4359,68.5632],[19.184,69.8174],[21.3784,70.2552],[23.0237,70.2021],[24.5465,71.0305],[26.37,70.9863],[28.1655,71.1855],[31.2934,70.4538],[30.0054,70.1863],[31.101,69.5581]]],[[[27.4075,80.0564],[25.9247,79.5178],[23.0245,79.4],[20.0752,79.5668],[19.8973,79.8424],[18.4623,79.8599],[17.368,80.3189],[20.456,80.5982],[21.9079,80.3577],[22.9193,80.6571],[25.4476,80.4073],[27.4075,80.0564]]],[[[24.7241,77.8538],[22.4903,77.4449],[20.726,77.677],[21.4161,77.935],[20.8119,78.2546],[22.8843,78.4549],[23.2813,78.0795],[24.7241,77.8538]]]]}},{"type":"Feature","properties":{"name":"Франція"},"geometry":{"type":"MultiPolygon","coordinates":[[[[-51.6578,4.1562],[-52.2493,3.2411],[-52.5564,2.5047],[-52.9397,2.1249],[-53.4185,2.0534],[-53.5548,2.3349],[-53.7785,2.3767],[-54.0881,2.1056],[-54.5248,2.3118],[-54.2697,2.7324],[-54.1817,3.1898],[-54.0069,3.62],[-54.3995,4.2126],[-54.4786,4.8968],[-53.958,5.7565],[-53.6185,5.6465],[-52.8821,5.4099],[-51.8233,4.5658],[-51.6578,4.1562]]],[[[6.1863,49.4638],[6.6582,49.202],[8.0993,49.0178],[7.5937,48.333],[7.4668,47.6206],[7.1922,47.4498],[6.7366,47.5418],[6.7687,47.2877],[6.0374,46.7258],[6.0226,46.273],[6.5001,46.4297],[6.8436,45.9911],[6.8024,45.7086],[7.0967,45.3331],[6.75,45.0285],[7.0076,44.2548],[7.5496,44.1279],[7.4352,43.6938],[6.5292,43.1289],[4.557,43.3997],[3.1004,43.0752],[2.986,42.473],[1.8268,42.3434],[0.7016,42.7957],[0.338,42.5795],[-1.5028,43.034],[-1.9014,43.4228],[-1.3842,44.0226],[-1.1938,46.0149],[-2.2257,47.0644],[-2.9633,47.5703],[-4.4916,47.955],[-4.5923,48.6842],[-3.2958,48.9017],[-1.6165,48.6444],[-1.9335,49.7763],[-0.9895,49.3474],[1.3388,50.1272],[1.639,50.9466],[2.5136,51.1485],[2.6584,50.7968],[3.1233,50.7804],[3.5882,50.379],[4.286,49.9075],[4.7992,49.9854],[5.6741,49.5295],[5.8978,49.4427],[6.1863,49.4638]]],[[[8.746,42.6281],[9.39,43.01],[9.56,42.1525],[9.2298,41.38],[8.7757,41.5836],[8.5442,42.2565],[8.746,42.6281]]]]}},{"type":"Feature","properties":{"name":"Швеція"},"geometry":{"type":"Polygon","coordinates":[[[11.0274,58.8561],[11.4683,59.4324],[12.3004,60.1179],[12.6311,61.2936],[11.9921,61.8004],[11.9306,63.1283],[12.5799,64.0662],[13.5719,64.0491],[13.9199,64.4454],[13.5557,64.787],[15.1084,66.1939],[16.1087,67.3025],[16.7689,68.0139],[17.7292,68.0106],[17.9939,68.5674],[19.8786,68.4072],[20.0253,69.0651],[20.6456,69.1062],[21.9785,68.6168],[23.5395,67.936],[23.5659,66.3961],[23.9034,66.0069],[22.1832,65.7237],[21.2135,65.026],[21.3696,64.4136],[19.7789,63.6096],[17.8478,62.7494],[17.1196,61.3412],[17.8313,60.6366],[18.7877,60.0819],[17.8692,58.9538],[16.8292,58.7198],[16.4477,57.0411],[15.8798,56.1043],[14.6667,56.2009],[14.1007,55.4078],[12.9429,55.3617],[12.6251,56.3071],[11.7879,57.4418],[11.0274,58.8561]]]}},{"type":"Feature","properties":{"name":"Білорусь"},"geometry":{"type":"Polygon","coordinates":[[[28.1767,56.1691],[29.2295,55.9183],[29.3716,55.6701],[29.8963,55.7895],[30.8739,55.551],[30.9718,55.0815],[30.7575,54.8118],[31.3845,54.1571],[31.7914,53.9746],[31.7313,53.794],[32.4056,53.618],[32.6936,53.3514],[32.3045,53.1327],[31.4976,53.1674],[31.3052,53.074],[31.54,52.7421],[31.786,52.1017],[30.9275,52.0424],[30.6195,51.8228],[30.5551,51.3195],[30.1574,51.4161],[29.2549,51.3682],[28.9928,51.602],[28.6176,51.4277],[28.2416,51.5722],[27.4541,51.5923],[26.338,51.8323],[25.3278,51.9107],[24.5531,51.8885],[24.0051,51.6174],[23.5271,51.5785],[23.508,52.0236],[23.1995,52.487],[23.7992,52.6911],[23.8049,53.0897],[23.5275,53.4701],[23.4841,53.9125],[24.4507,53.9057],[25.5364,54.2824],[25.7684,54.847],[26.5883,55.1672],[26.4943,55.6151],[27.1025,55.7833],[28.1767,56.1691]]]}},{"type":"Feature","properties":{"name":"Польща"},"geometry":{"type":"Polygon","coordinates":[[[23.4841,53.9125],[23.5275,53.4701],[23.8049,53.0897],[23.7992,52.6911],[23.1995,52.487],[23.508,52.0236],[23.5271,51.5785],[24.03,50.7054],[23.9228,50.4249],[23.4265,50.3085],[22.5185,49.4768],[22.7764,49.0274],[22.5581,49.0857],[21.6078,49.4701],[20.888,49.3288],[20.4158,49.4315],[19.825,49.2171],[19.3207,49.5716],[18.9096,49.4358],[18.8531,49.4962],[18.3929,49.9886],[17.6494,50.049],[17.5546,50.3621],[16.8688,50.474],[16.7195,50.2157],[16.1763,50.4226],[16.2386,50.6977],[15.491,50.7847],[15.017,51.1067],[14.6071,51.7452],[14.685,52.0899],[14.4376,52.6249],[14.0745,52.9813],[14.3533,53.2482],[14.1197,53.757],[14.8029,54.0507],[16.3635,54.5132],[17.6228,54.8515],[18.6209,54.6826],[18.6963,54.4387],[19.6606,54.4261],[20.8922,54.3125],[22.7311,54.3275],[23.244,54.2206],[23.4841,53.9125]]]}},{"type":"Feature","properties":{"name":"Австрія"},"geometry":{"type":"Polygon","coordinates":[[[16.9797,48.1235],[16.9038,47.7149],[16.3406,47.7129],[16.5343,47.4962],[16.2023,46.8524],[16.0117,46.6836],[15.1371,46.6587],[14.6325,46.4318],[13.8065,46.5093],[12.3765,46.7676],[12.1531,47.1154],[11.1648,46.9416],[11.0486,46.7514],[10.4427,46.8935],[9.9324,46.9207],[9.48,47.1028],[9.6329,47.3476],[9.5942,47.5251],[9.8961,47.5802],[10.4021,47.3025],[10.5445,47.5664],[11.4264,47.5238],[12.1414,47.7031],[12.6208,47.6724],[12.9326,47.4676],[13.0259,47.6376],[12.8841,48.2891],[13.2434,48.4161],[13.5959,48.8772],[14.3389,48.5553],[14.9014,48.9644],[15.2534,49.0391],[16.0296,48.7339],[16.4993,48.7858],[16.9603,48.597],[16.88,48.47],[16.9797,48.1235]]]}},{"type":"Feature","properties":{"name":"Угорщина"},"geometry":{"type":"Polygon","coordinates":[[[22.0856,48.4223],[22.6408,48.1502],[22.7105,47.8822],[22.0998,47.6724],[21.6265,46.9942],[21.022,46.3161],[20.2202,46.1275],[19.596,46.1717],[18.8298,45.9089],[18.4561,45.7595],[17.6301,45.9518],[16.8825,46.3806],[16.5648,46.5038],[16.3705,46.8413],[16.2023,46.8524],[16.5343,47.4962],[16.3406,47.7129],[16.9038,47.7149],[16.9797,48.1235],[17.4885,47.8675],[17.8571,47.7584],[18.6965,47.881],[18.777,48.0818],[19.1744,48.1114],[19.6614,48.2666],[19.7695,48.2027],[20.2391,48.3276],[20.4736,48.5628],[20.8013,48.6239],[21.8722,48.32],[22.0856,48.4223]]]}},{"type":"Feature","properties":{"name":"Молдова"},"geometry":{"type":"Polygon","coordinates":[[[26.6193,48.2207],[26.8578,48.3682],[27.5225,48.4671],[28.2595,48.1556],[28.6709,48.1181],[29.1227,47.8491],[29.0509,47.5102],[29.4151,47.3466],[29.5597,46.9286],[29.9089,46.6744],[29.8382,46.5253],[30.0247,46.4239],[29.76,46.35],[29.1707,46.3793],[29.0721,46.5177],[28.863,46.4379],[28.9337,46.2588],[28.66,45.94],[28.4853,45.5969],[28.2336,45.4883],[28.0544,45.9446],[28.16,46.3716],[28.128,46.8105],[27.5512,47.4051],[27.2339,47.8268],[26.9242,48.1233],[26.6193,48.2207]]]}},{"type":"Feature","properties":{"name":"Румунія"},"geometry":{"type":"Polygon","coordinates":[[[28.2336,45.4883],[28.6798,45.304],[29.1497,45.4649],[29.6033,45.2933],[29.6265,45.0354],[29.1416,44.8202],[28.8379,44.9139],[28.5581,43.7075],[27.9701,43.8125],[27.2424,44.176],[26.0652,43.9435],[25.5693,43.6884],[24.1007,43.7411],[23.3323,43.897],[22.9448,43.8238],[22.6572,44.2349],[22.474,44.4092],[22.7057,44.578],[22.459,44.7025],[22.1451,44.4784],[21.562,44.7689],[21.4835,45.1812],[20.8743,45.4164],[20.7622,45.7346],[20.2202,46.1275],[21.022,46.3161],[21.6265,46.9942],[22.0998,47.6724],[22.7105,47.8822],[23.1422,48.0963],[23.761,47.9856],[24.4021,47.9819],[24.8663,47.7375],[25.2077,47.8911],[25.9459,47.9871],[26.1974,48.2209],[26.6193,48.2207],[26.9242,48.1233],[27.2339,47.8268],[27.5512,47.4051],[28.128,46.8105],[28.16,46.3716],[28.0544,45.9446],[28.2336,45.4883]]]}},{"type":"Feature","properties":{"name":"Литва"},"geometry":{"type":"Polygon","coordinates":[[[26.4943,55.6151],[26.5883,55.1672],[25.7684,54.847],[25.5364,54.2824],[24.4507,53.9057],[23.4841,53.9125],[23.244,54.2206],[22.7311,54.3275],[22.6511,54.5827],[22.7578,54.8566],[22.3157,55.0153],[21.2684,55.1905],[21.0558,56.0311],[22.2012,56.3378],[23.8783,56.2737],[24.8607,56.3725],[25.0009,56.1645],[25.533,56.1003],[26.4943,55.6151]]]}},{"type":"Feature","properties":{"name":"Латвія"},"geometry":{"type":"Polygon","coordinates":[[[27.2882,57.4745],[27.77,57.2443],[27.8553,56.7593],[28.1767,56.1691],[27.1025,55.7833],[26.4943,55.6151],[25.533,56.1003],[25.0009,56.1645],[24.8607,56.3725],[23.8783,56.2737],[22.2012,56.3378],[21.0558,56.0311],[21.0904,56.7839],[21.5819,57.4119],[22.5243,57.7534],[23.3185,57.0062],[24.1207,57.0257],[24.3129,57.7934],[25.1646,57.9702],[25.6028,57.8475],[26.4635,57.4764],[27.2882,57.4745]]]}},{"type":"Feature","properties":{"name":"Естонія"},"geometry":{"type":"Polygon","coordinates":[[[27.9811,59.4754],[28.1317,59.3008],[27.4201,58.7246],[27.7167,57.7919],[27.2882,57.4745],[26.4635,57.4764],[25.6028,57.8475],[25.1646,57.9702],[24.3129,57.7934],[24.4289,58.3834],[24.0612,58.2574],[23.4266,58.6128],[23.3398,59.1872],[24.6042,59.4659],[25.8642,59.6111],[26.9491,59.4458],[27.9811,59.4754],[27.9811,59.4754]]]}},{"type":"Feature","properties":{"name":"Німеччина"},"geometry":{"type":"Polygon","coordinates":[[[14.1197,53.757],[14.3533,53.2482],[14.0745,52.9813],[14.4376,52.6249],[14.685,52.0899],[14.6071,51.7452],[15.017,51.1067],[14.5707,51.0023],[14.307,51.1173],[14.0562,50.9269],[13.3381,50.7332],[12.9668,50.4841],[12.2401,50.2663],[12.4152,49.9691],[12.521,49.5474],[13.0313,49.3071],[13.5959,48.8772],[13.2434,48.4161],[12.8841,48.2891],[13.0259,47.6376],[12.9326,47.4676],[12.6208,47.6724],[12.1414,47.7031],[11.4264,47.5238],[10.5445,47.5664],[10.4021,47.3025],[9.8961,47.5802],[9.5942,47.5251],[8.5226,47.8308],[8.3173,47.6136],[7.4668,47.6206],[7.5937,48.333],[8.0993,49.0178],[6.6582,49.202],[6.1863,49.4638],[6.2428,49.9022],[6.0431,50.1281],[6.1567,50.8037],[5.9887,51.8516],[6.5894,51.852],[6.8429,52.2284],[7.0921,53.144],[6.9051,53.4822],[7.1004,53.6939],[7.9362,53.7483],[8.1217,53.5278],[8.8007,54.0208],[8.5721,54.3956],[8.5262,54.9627],[9.282,54.8309],[9.9219,54.9831],[9.9396,54.5966],[10.9501,54.3636],[10.9395,54.0087],[11.9563,54.1965],[12.5184,54.4704],[13.6475,54.0755],[14.1197,53.757]]]}},{"type":"Feature","properties":{"name":"Болгарія"},"geometry":{"type":"Polygon","coordinates":[[[22.6572,44.2349],[22.9448,43.8238],[23.3323,43.897],[24.1007,43.7411],[25.5693,43.6884],[26.0652,43.9435],[27.2424,44.176],[27.9701,43.8125],[28.5581,43.7075],[28.0391,43.2932],[27.6739,42.5779],[27.9967,42.0074],[27.1357,42.1415],[26.117,41.8269],[26.1061,41.3289],[25.1972,41.2345],[24.4926,41.5839],[23.6921,41.3091],[22.9524,41.338],[22.8814,41.9993],[22.3805,42.3203],[22.545,42.4614],[22.4366,42.5803],[22.6048,42.8985],[22.986,43.2112],[22.5002,43.6428],[22.4104,44.0081],[22.6572,44.2349]]]}},{"type":"Feature","properties":{"name":"Греція"},"geometry":{"type":"MultiPolygon","coordinates":[[[[26.29,35.3],[26.165,35.005],[24.725,34.92],[24.735,35.085],[23.515,35.28],[23.7,35.705],[24.2467,35.368],[25.025,35.425],[25.7692,35.354],[25.745,35.18],[26.29,35.3]]],[[[22.9524,41.338],[23.6921,41.3091],[24.4926,41.5839],[25.1972,41.2345],[26.1061,41.3289],[26.117,41.8269],[26.6042,41.5621],[26.2946,40.9363],[26.0569,40.8241],[25.4477,40.8525],[24.9258,40.9471],[23.7148,40.6871],[24.408,40.125],[23.9,39.962],[23.343,39.961],[22.814,40.476],[22.6263,40.2566],[22.8497,39.6593],[23.35,39.19],[22.9731,38.9709],[23.53,38.51],[24.025,38.22],[24.04,37.655],[23.115,37.92],[23.41,37.41],[22.775,37.305],[23.1542,36.4225],[22.49,36.41],[21.67,36.845],[21.295,37.645],[21.12,38.3103],[20.73,38.77],[20.2177,39.3402],[20.15,39.625],[20.615,40.11],[20.675,40.435],[21,40.58],[21.02,40.8427],[21.6742,40.9313],[22.0554,41.1499],[22.5973,41.1305],[22.7618,41.3048],[22.9524,41.338]]]]}},{"type":"Feature","properties":{"name":"Туреччина"},"geometry":{"type":"MultiPolygon","coordinates":[[[[44.7727,37.1704],[44.2935,37.0015],[43.9423,37.2562],[42.7791,37.3853],[42.3496,37.2299],[41.2121,37.0744],[40.6733,37.0913],[39.5226,36.7161],[38.6999,36.7129],[38.1677,36.9012],[37.0668,36.623],[36.7395,36.8175],[36.6854,36.2597],[36.4175,36.0406],[36.1498,35.8215],[35.7821,36.275],[36.1608,36.6506],[35.5509,36.5654],[34.7146,36.7955],[34.0269,36.22],[32.5092,36.1076],[31.6996,36.6443],[30.6216,36.6779],[30.3911,36.263],[29.7,36.1444],[28.7329,36.6768],[27.6412,36.6588],[27.0488,37.6534],[26.3182,38.2081],[26.8047,38.9858],[26.1708,39.4636],[27.28,40.42],[28.82,40.46],[29.24,41.22],[31.1459,41.0876],[32.348,41.7363],[33.5133,42.019],[35.1677,42.0402],[36.9131,41.3354],[38.3477,40.9486],[39.5126,41.1028],[40.3734,41.0137],[41.5541,41.5357],[42.6195,41.5832],[43.5827,41.0921],[43.7527,40.7402],[43.6564,40.2536],[44.4,40.005],[44.794,39.713],[44.1092,39.4281],[44.4214,38.2813],[44.2258,37.9716],[44.7727,37.1705],[44.7727,37.1704]]],[[[26.117,41.8269],[27.1357,42.1415],[27.9967,42.0074],[28.1155,41.6229],[28.9884,41.2999],[28.8064,41.055],[27.619,40.9998],[27.1924,40.6906],[26.358,40.152],[26.0434,40.6178],[26.0569,40.8241],[26.2946,40.9363],[26.6042,41.5621],[26.117,41.8269]]]]}},{"type":"Feature","properties":{"name":"Албанія"},"geometry":{"type":"Polygon","coordinates":[[[21.02,40.8427],[21,40.58],[20.675,40.435],[20.615,40.11],[20.15,39.625],[19.98,39.695],[19.96,39.915],[19.4061,40.2508],[19.3191,40.7272],[19.4035,41.4096],[19.54,41.72],[19.3718,41.8775],[19.3045,42.1957],[19.7381,42.6882],[19.8016,42.5001],[20.0707,42.5886],[20.2838,42.3203],[20.523,42.2179],[20.5902,41.8554],[20.4632,41.5151],[20.6052,41.0862],[21.02,40.8427]]]}},{"type":"Feature","properties":{"name":"Хорватія"},"geometry":{"type":"Polygon","coordinates":[[[16.5648,46.5038],[16.8825,46.3806],[17.6301,45.9518],[18.4561,45.7595],[18.8298,45.9089],[19.0728,45.5215],[19.3905,45.2365],[19.0055,44.8602],[18.5532,45.0816],[17.8618,45.0677],[17.0021,45.2338],[16.5349,45.2116],[16.3182,45.0041],[15.9594,45.2338],[15.75,44.8187],[16.2397,44.3511],[16.4564,44.0412],[16.9162,43.6677],[17.2974,43.4463],[17.6749,43.0286],[18.56,42.65],[18.45,42.48],[17.51,42.85],[16.93,43.21],[16.0154,43.5072],[15.1745,44.2432],[15.3763,44.3179],[14.9203,44.7385],[14.9016,45.0761],[14.2587,45.2338],[13.9523,44.8021],[13.657,45.1369],[13.6794,45.4841],[13.7151,45.5003],[14.412,45.4662],[14.5951,45.6349],[14.9352,45.4717],[15.3277,45.4523],[15.324,45.7318],[15.6715,45.8342],[15.7687,46.2381],[16.5648,46.5038]]]}},{"type":"Feature","properties":{"name":"Швейцарія"},"geometry":{"type":"Polygon","coordinates":[[[9.5942,47.5251],[9.6329,47.3476],[9.48,47.1028],[9.9324,46.9207],[10.4427,46.8935],[10.3634,46.4836],[9.9228,46.3149],[9.1829,46.4402],[8.9663,46.0369],[8.49,46.0052],[8.3166,46.1636],[7.756,45.8245],[7.2739,45.7769],[6.8436,45.9911],[6.5001,46.4297],[6.0226,46.273],[6.0374,46.7258],[6.7687,47.2877],[6.7366,47.5418],[7.1922,47.4498],[7.4668,47.6206],[8.3173,47.6136],[8.5226,47.8308],[9.5942,47.5251]]]}},{"type":"Feature","properties":{"name":"Люксембург"},"geometry":{"type":"Polygon","coordinates":[[[6.0431,50.1281],[6.2428,49.9022],[6.1863,49.4638],[5.8978,49.4427],[5.6741,49.5295],[5.7824,50.0903],[6.0431,50.1281]]]}},{"type":"Feature","properties":{"name":"Бельгія"},"geometry":{"type":"Polygon","coordinates":[[[6.1567,50.8037],[6.0431,50.1281],[5.7824,50.0903],[5.6741,49.5295],[4.7992,49.9854],[4.286,49.9075],[3.5882,50.379],[3.1233,50.7804],[2.6584,50.7968],[2.5136,51.1485],[3.315,51.3458],[4.0471,51.2673],[4.974,51.475],[5.607,51.0373],[6.1567,50.8037]]]}},{"type":"Feature","properties":{"name":"Нідерланди"},"geometry":{"type":"Polygon","coordinates":[[[6.9051,53.4822],[7.0921,53.144],[6.8429,52.2284],[6.5894,51.852],[5.9887,51.8516],[6.1567,50.8037],[5.607,51.0373],[4.974,51.475],[4.0471,51.2673],[3.315,51.3458],[3.8303,51.6205],[4.706,53.0918],[6.0742,53.5104],[6.9051,53.4822]]]}},{"type":"Feature","properties":{"name":"Португалія"},"geometry":{"type":"Polygon","coordinates":[[[-9.0348,41.8806],[-8.6719,42.1347],[-8.2639,42.2805],[-8.0132,41.7909],[-7.4225,41.7921],[-7.2513,41.9183],[-6.6686,41.8834],[-6.3891,41.3818],[-6.8511,41.1111],[-6.864,40.3309],[-7.0264,40.1845],[-7.0666,39.7119],[-7.4986,39.6296],[-7.098,39.0301],[-7.3741,38.3731],[-7.0293,38.0758],[-7.1665,37.8039],[-7.5371,37.4289],[-7.4537,37.0978],[-7.8556,36.8383],[-8.3828,36.9789],[-8.8989,36.8688],[-8.7461,37.6513],[-8.84,38.2662],[-9.2875,38.3585],[-9.5266,38.7374],[-9.447,39.3921],[-9.0483,39.7551],[-8.9774,40.1593],[-8.7687,40.7606],[-8.7909,41.1843],[-8.9908,41.5435],[-9.0348,41.8806]]]}},{"type":"Feature","properties":{"name":"Іспанія"},"geometry":{"type":"Polygon","coordinates":[[[-7.4537,37.0978],[-7.5371,37.4289],[-7.1665,37.8039],[-7.0293,38.0758],[-7.3741,38.3731],[-7.098,39.0301],[-7.4986,39.6296],[-7.0666,39.7119],[-7.0264,40.1845],[-6.864,40.3309],[-6.8511,41.1111],[-6.3891,41.3818],[-6.6686,41.8834],[-7.2513,41.9183],[-7.4225,41.7921],[-8.0132,41.7909],[-8.2639,42.2805],[-8.6719,42.1347],[-9.0348,41.8806],[-8.9844,42.5928],[-9.3929,43.0266],[-7.9782,43.7483],[-6.7545,43.5679],[-5.4119,43.5742],[-4.3478,43.4034],[-3.5175,43.4559],[-1.9014,43.4228],[-1.5028,43.034],[0.338,42.5795],[0.7016,42.7957],[1.8268,42.3434],[2.986,42.473],[3.0395,41.8921],[2.0918,41.2261],[0.8105,41.0147],[0.7213,40.6783],[0.1067,40.1239],[-0.2787,39.31],[0.1113,38.7385],[-0.4671,38.2924],[-0.6834,37.6424],[-1.4384,37.4431],[-2.1465,36.6741],[-3.4158,36.6589],[-4.3689,36.6778],[-4.9952,36.3247],[-5.3772,35.9468],[-5.8664,36.0298],[-6.2367,36.3677],[-6.5202,36.9429],[-7.4537,37.0978]]]}},{"type":"Feature","properties":{"name":"Ірландія"},"geometry":{"type":"Polygon","coordinates":[[[-6.1979,53.8676],[-6.033,53.1532],[-6.7889,52.2601],[-8.5616,51.6693],[-9.9771,51.8205],[-9.1663,52.8646],[-9.6885,53.8814],[-8.328,54.6645],[-7.5722,55.1316],[-7.366,54.5958],[-7.5722,54.06],[-6.9537,54.0737],[-6.1979,53.8676]]]}},{"type":"Feature","properties":{"name":"Італія"},"geometry":{"type":"MultiPolygon","coordinates":[[[[10.4427,46.8935],[11.0486,46.7514],[11.1648,46.9416],[12.1531,47.1154],[12.3765,46.7676],[13.8065,46.5093],[13.6981,46.0168],[13.9376,45.591],[13.1416,45.7367],[12.3286,45.3818],[12.3839,44.8854],[12.2615,44.6005],[12.5892,44.0914],[13.5269,43.5877],[14.0298,42.761],[15.1426,41.9551],[15.9262,41.9613],[16.1699,41.7403],[15.8893,41.5411],[16.785,41.1796],[17.5192,40.8771],[18.3767,40.3556],[18.4802,40.1689],[18.2934,39.8108],[17.7384,40.2777],[16.8696,40.4422],[16.4487,39.7954],[17.1715,39.4247],[17.0528,38.9029],[16.6351,38.8436],[16.101,37.9859],[15.6841,37.9088],[15.688,38.2146],[15.892,38.7509],[16.1093,38.9645],[15.7188,39.5441],[15.4136,40.0484],[14.9985,40.1729],[14.7033,40.6046],[14.0607,40.7863],[13.628,41.1883],[12.8881,41.2531],[12.1067,41.7045],[11.1919,42.3554],[10.5119,42.9315],[10.2,43.92],[9.7025,44.0363],[8.8889,44.3663],[8.4286,44.2312],[7.8508,43.7671],[7.4352,43.6938],[7.5496,44.1279],[7.0076,44.2548],[6.75,45.0285],[7.0967,45.3331],[6.8024,45.7086],[6.8436,45.9911],[7.2739,45.7769],[7.756,45.8245],[8.3166,46.1636],[8.49,46.0052],[8.9663,46.0369],[9.1829,46.4402],[9.9228,46.3149],[10.3634,46.4836],[10.4427,46.8935]]],[[[14.7612,38.1439],[15.5204,38.2312],[15.1602,37.444],[15.3099,37.1342],[15.1,36.62],[14.3352,36.9966],[13.8267,37.1045],[12.431,37.6129],[12.5709,38.1264],[13.7412,38.035],[14.7612,38.1439]]],[[[8.71,40.9],[9.21,41.21],[9.81,40.5],[9.6695,39.1774],[9.2148,39.2405],[8.8069,38.9066],[8.4283,39.1718],[8.3883,40.3783],[8.16,40.95],[8.71,40.9]]]]}},{"type":"Feature","properties":{"name":"Данія"},"geometry":{"type":"MultiPolygon","coordinates":[[[[9.9219,54.9831],[9.282,54.8309],[8.5262,54.9627],[8.1203,55.5177],[8.09,56.54],[8.2566,56.81],[8.5434,57.11],[9.4245,57.1721],[9.7756,57.4479],[10.58,57.73],[10.5461,57.2157],[10.25,56.89],[10.37,56.61],[10.9122,56.4586],[10.6678,56.0814],[10.37,56.19],[9.65,55.47],[9.9219,54.9831]]],[[[12.3709,56.1114],[12.69,55.61],[12.09,54.8],[11.0435,55.3649],[10.9039,55.78],[12.3709,56.1114]]]]}},{"type":"Feature","properties":{"name":"Велика Британія"},"geometry":{"type":"MultiPolygon","coordinates":[[[[-6.1979,53.8676],[-6.9537,54.0737],[-7.5722,54.06],[-7.366,54.5958],[-7.5722,55.1316],[-6.7338,55.1729],[-5.6619,54.5546],[-6.1979,53.8676]]],[[[-3.0938,53.4045],[-2.945,53.985],[-3.6147,54.6009],[-3.63,54.615],[-4.8442,54.791],[-5.0825,55.0616],[-4.7191,55.5085],[-5.048,55.784],[-5.5864,55.3111],[-5.645,56.275],[-6.15,56.785],[-5.7868,57.8188],[-5.01,58.63],[-4.2115,58.5508],[-3.005,58.635],[-4.0738,57.553],[-3.055,57.69],[-1.9593,57.6848],[-2.22,56.87],[-3.119,55.9738],[-2.085,55.91],[-2.0057,55.8049],[-1.115,54.625],[-0.4305,54.4644],[0.185,53.325],[0.47,52.93],[1.6815,52.7395],[1.56,52.1],[1.0506,51.8068],[1.4499,51.2894],[0.5503,50.7657],[-0.7875,50.775],[-2.49,50.5],[-2.9563,50.6969],[-3.6174,50.2284],[-4.5425,50.3418],[-5.245,49.96],[-5.7766,50.1597],[-4.31,51.21],[-3.4149,51.426],[-4.9844,51.5935],[-5.2673,51.9914],[-4.2223,52.3014],[-4.77,52.84],[-4.58,53.495],[-3.0938,53.4045]]]]}},{"type":"Feature","properties":{"name":"Ісландія"},"geometry":{"type":"Polygon","coordinates":[[[-14.5087,66.4559],[-14.7396,65.8087],[-13.6097,65.1267],[-14.9098,64.3641],[-17.7944,63.6787],[-18.6562,63.4964],[-19.9728,63.6436],[-22.763,63.9602],[-21.7785,64.4021],[-23.955,64.8911],[-22.1844,65.085],[-22.2274,65.3786],[-24.3262,65.6112],[-23.6505,66.2625],[-22.1349,66.4105],[-20.5763,65.7321],[-19.0568,66.2766],[-17.7986,65.9939],[-16.1678,66.5268],[-14.5087,66.4559]]]}},{"type":"Feature","properties":{"name":"Грузія"},"geometry":{"type":"Polygon","coordinates":[[[39.955,43.435],[40.077,43.5531],[40.9222,43.3822],[42.3944,43.2203],[43.756,42.7408],[43.9312,42.555],[44.5376,42.712],[45.4703,42.5028],[45.7764,42.0924],[46.405,41.8607],[46.1454,41.7228],[46.6379,41.1817],[46.5016,41.0644],[45.9626,41.1239],[45.2174,41.4115],[44.9725,41.2481],[43.5827,41.0921],[42.6195,41.5832],[41.5541,41.5357],[41.7032,41.9629],[41.4535,42.6451],[40.8755,43.0136],[40.3214,43.1286],[39.955,43.435]]]}},{"type":"Feature","properties":{"name":"Словенія"},"geometry":{"type":"Polygon","coordinates":[[[13.8065,46.5093],[14.6325,46.4318],[15.1371,46.6587],[16.0117,46.6836],[16.2023,46.8524],[16.3705,46.8413],[16.5648,46.5038],[15.7687,46.2381],[15.6715,45.8342],[15.324,45.7318],[15.3277,45.4523],[14.9352,45.4717],[14.5951,45.6349],[14.412,45.4662],[13.7151,45.5003],[13.9376,45.591],[13.6981,46.0168],[13.8065,46.5093]]]}},{"type":"Feature","properties":{"name":"Фінляндія"},"geometry":{"type":"Polygon","coordinates":[[[28.5919,69.0648],[28.4459,68.3646],[29.9774,67.6983],[29.0546,66.9443],[30.2176,65.806],[29.5444,64.9487],[30.4447,64.2045],[30.0359,63.5528],[31.5161,62.8677],[31.14,62.3577],[30.2111,61.78],[28.07,60.5035],[26.2552,60.424],[24.4966,60.0573],[22.8697,59.8464],[22.2908,60.3919],[21.3222,60.7202],[21.5449,61.7053],[21.0592,62.6074],[21.536,63.1897],[22.4427,63.8178],[24.7305,64.9023],[25.3981,65.1114],[25.294,65.5343],[23.9034,66.0069],[23.5659,66.3961],[23.5395,67.936],[21.9785,68.6168],[20.6456,69.1062],[21.2449,69.3704],[22.3562,68.8417],[23.6621,68.8912],[24.7357,68.6496],[25.6892,69.0921],[26.1796,69.8253],[27.7323,70.1642],[29.0156,69.7665],[28.5919,69.0648]]]}},{"type":"Feature","properties":{"name":"Словаччина"},"geometry":{"type":"Polygon","coordinates":[[[22.5581,49.0857],[22.2808,48.8254],[22.0856,48.4223],[21.8722,48.32],[20.8013,48.6239],[20.4736,48.5628],[20.2391,48.3276],[19.7695,48.2027],[19.6614,48.2666],[19.1744,48.1114],[18.777,48.0818],[18.6965,47.881],[17.8571,47.7584],[17.4885,47.8675],[16.9797,48.1235],[16.88,48.47],[16.9603,48.597],[17.102,48.817],[17.545,48.8],[17.8865,48.9035],[17.9135,48.9965],[18.105,49.044],[18.1705,49.2715],[18.4,49.315],[18.555,49.495],[18.8531,49.4962],[18.9096,49.4358],[19.3207,49.5716],[19.825,49.2171],[20.4158,49.4315],[20.888,49.3288],[21.6078,49.4701],[22.5581,49.0857]]]}},{"type":"Feature","properties":{"name":"Чехія"},"geometry":{"type":"Polygon","coordinates":[[[15.017,51.1067],[15.491,50.7847],[16.2386,50.6977],[16.1763,50.4226],[16.7195,50.2157],[16.8688,50.474],[17.5546,50.3621],[17.6494,50.049],[18.3929,49.9886],[18.8531,49.4962],[18.555,49.495],[18.4,49.315],[18.1705,49.2715],[18.105,49.044],[17.9135,48.9965],[17.8865,48.9035],[17.545,48.8],[17.102,48.817],[16.9603,48.597],[16.4993,48.7858],[16.0296,48.7339],[15.2534,49.0391],[14.9014,48.9644],[14.3389,48.5553],[13.5959,48.8772],[13.0313,49.3071],[12.521,49.5474],[12.4152,49.9691],[12.2401,50.2663],[12.9668,50.4841],[13.3381,50.7332],[14.0562,50.9269],[14.307,51.1173],[14.5707,51.0023],[15.017,51.1067]]]}},{"type":"Feature","properties":{"name":"Боснія і Герцеговина"},"geometry":{"type":"Polygon","coordinates":[[[18.56,42.65],[17.6749,43.0286],[17.2974,43.4463],[16.9162,43.6677],[16.4564,44.0412],[16.2397,44.3511],[15.75,44.8187],[15.9594,45.2338],[16.3182,45.0041],[16.5349,45.2116],[17.0021,45.2338],[17.8618,45.0677],[18.5532,45.0816],[19.0055,44.8602],[19.368,44.863],[19.1176,44.4231],[19.5998,44.0385],[19.454,43.5681],[19.2185,43.5238],[19.0316,43.4325],[18.7065,43.2001],[18.56,42.65]]]}},{"type":"Feature","properties":{"name":"Північна Македонія"},"geometry":{"type":"Polygon","coordinates":[[[22.3805,42.3203],[22.8814,41.9993],[22.9524,41.338],[22.7618,41.3048],[22.5973,41.1305],[22.0554,41.1499],[21.6742,40.9313],[21.02,40.8427],[20.6052,41.0862],[20.4632,41.5151],[20.5902,41.8554],[20.7173,41.8471],[20.7622,42.0519],[21.3527,42.2068],[21.5766,42.2452],[21.9171,42.3036],[22.3805,42.3203]]]}},{"type":"Feature","properties":{"name":"Сербія"},"geometry":{"type":"Polygon","coordinates":[[[18.8298,45.9089],[19.596,46.1717],[20.2202,46.1275],[20.7622,45.7346],[20.8743,45.4164],[21.4835,45.1812],[21.562,44.7689],[22.1451,44.4784],[22.459,44.7025],[22.7057,44.578],[22.474,44.4092],[22.6572,44.2349],[22.4104,44.0081],[22.5002,43.6428],[22.986,43.2112],[22.6048,42.8985],[22.4366,42.5803],[22.545,42.4614],[22.3805,42.3203],[21.9171,42.3036],[21.5766,42.2452],[21.5433,42.3203],[21.6629,42.4392],[21.7751,42.6827],[21.633,42.6772],[21.4387,42.8625],[21.2742,42.9096],[21.1434,43.0687],[20.9565,43.1309],[20.8145,43.2721],[20.6351,43.2167],[20.4968,42.8847],[20.2576,42.8128],[20.3398,42.8985],[19.9586,43.106],[19.63,43.2138],[19.4839,43.3523],[19.2185,43.5238],[19.454,43.5681],[19.5998,44.0385],[19.1176,44.4231],[19.368,44.863],[19.0055,44.8602],[19.3905,45.2365],[19.0728,45.5215],[18.8298,45.9089]]]}},{"type":"Feature","properties":{"name":"Чорногорія"},"geometry":{"type":"Polygon","coordinates":[[[20.0707,42.5886],[19.8016,42.5001],[19.7381,42.6882],[19.3045,42.1957],[19.3718,41.8776],[19.1625,41.955],[18.8821,42.2815],[18.45,42.48],[18.56,42.65],[18.7065,43.2001],[19.0316,43.4325],[19.2185,43.5238],[19.4839,43.3523],[19.63,43.2138],[19.9586,43.106],[20.3398,42.8985],[20.2576,42.8128],[20.0707,42.5886]]]}},{"type":"Feature","properties":{"name":"Косово"},"geometry":{"type":"Polygon","coordinates":[[[20.5902,41.8554],[20.523,42.2179],[20.2838,42.3203],[20.0707,42.5886],[20.2576,42.8128],[20.4968,42.8847],[20.6351,43.2167],[20.8145,43.2721],[20.9565,43.1309],[21.1434,43.0687],[21.2742,42.9096],[21.4387,42.8625],[21.633,42.6772],[21.7751,42.6827],[21.6629,42.4392],[21.5433,42.3203],[21.5766,42.2452],[21.3527,42.2068],[20.7622,42.0519],[20.7173,41.8471],[20.5902,41.8554]]]}},{"type":"Feature","properties":{"name":"Харківська область","Ukraine":true},"geometry":{"type":"MultiPolygon","coordinates":[[[[38.0004,49.8998],[38.0229,49.9091],[38.0275,49.8938],[38.0435,49.8694],[38.0553,49.8588],[38.079,49.849],[38.0705,49.8381],[38.0427,49.8362],[38.0228,49.8324],[38.0053,49.8265],[37.9997,49.8139],[38.0435,49.7907],[38.0366,49.7793],[38.0234,49.7743],[38.0137,49.7657],[38.0048,49.7505],[37.9739,49.7532],[37.9609,49.7486],[37.9421,49.7305],[37.9421,49.7174],[37.9777,49.7219],[37.9929,49.7202],[38.0011,49.7084],[37.9992,49.6806],[37.9997,49.6684],[37.9983,49.652],[37.9807,49.6371],[37.9684,49.6146],[37.9589,49.6061],[37.9471,49.6017],[37.9522,49.5773],[37.9632,49.5664],[37.9532,49.556],[37.9631,49.5313],[37.9579,49.5146],[37.9325,49.5024],[37.9205,49.481],[37.9168,49.4644],[37.905,49.4497],[37.8844,49.4459],[37.8637,49.4302],[37.8636,49.4172],[37.8773,49.4056],[37.8857,49.39],[37.8816,49.3326],[37.8824,49.3205],[37.9077,49.3099],[37.9225,49.3047],[37.9291,49.2909],[37.9113,49.2686],[37.8982,49.2583],[37.8715,49.2462],[37.8473,49.2317],[37.8433,49.2188],[37.8338,49.2075],[37.8169,49.2055],[37.7711,49.2043],[37.6431,49.2283],[37.5469,49.2272],[37.5353,49.2214],[37.5034,49.1864],[37.5139,49.1804],[37.5634,49.1753],[37.5851,49.1761],[37.597,49.1709],[37.6104,49.1573],[37.6012,49.1446],[37.3737,49.0525],[37.3641,49.0447],[37.3568,49.0347],[37.3518,49.0197],[37.3196,49.0059],[37.3085,48.9985],[37.2918,48.9798],[37.3034,48.9663],[37.3034,48.9519],[37.3116,48.9363],[37.311,48.9229],[37.2935,48.9178],[37.2659,48.9178],[37.2209,48.8976],[37.2111,48.8851],[37.2039,48.8732],[37.1919,48.8698],[37.1807,48.8613],[37.1815,48.8348],[37.1705,48.8256],[37.1476,48.8217],[37.1341,48.8222],[37.1206,48.8279],[37.109,48.8384],[37.0945,48.8427],[37.0787,48.8393],[37.0704,48.8287],[37.0663,48.8148],[37.0476,48.8096],[37.0298,48.8143],[37.0126,48.8103],[37.0009,48.7985],[36.9999,48.7861],[37.0266,48.7763],[37.0325,48.764],[37.0143,48.7596],[37.0015,48.7656],[36.9031,48.7992],[36.8908,48.8009],[36.8749,48.7995],[36.8609,48.7953],[36.8469,48.7875],[36.8365,48.7798],[36.8254,48.7732],[36.7729,48.7745],[36.7607,48.7769],[36.7305,48.7875],[36.7183,48.7892],[36.7017,48.7881],[36.69,48.7775],[36.6933,48.7583],[36.7093,48.7144],[36.7105,48.6884],[36.7085,48.6608],[36.7254,48.6259],[36.6672,48.6209],[36.649,48.6124],[36.6311,48.6033],[36.5949,48.6015],[36.5761,48.6046],[36.5665,48.6137],[36.5457,48.6265],[36.5013,48.6429],[36.4854,48.6468],[36.471,48.6458],[36.455,48.6382],[36.3824,48.5805],[36.3659,48.5616],[36.3772,48.5491],[36.3581,48.5338],[36.3421,48.5314],[36.3305,48.5381],[36.3152,48.5405],[36.3023,48.5317],[36.2888,48.527],[36.2742,48.5354],[36.3032,48.5646],[36.2861,48.5866],[36.2701,48.5952],[36.2701,48.608],[36.2838,48.6242],[36.2833,48.6369],[36.2709,48.647],[36.1994,48.6862],[36.1755,48.7031],[36.1378,48.7205],[36.1349,48.7343],[36.1609,48.7493],[36.1707,48.7577],[36.1368,48.7798],[36.1254,48.7926],[36.1102,48.8015],[36.0885,48.8098],[36.0751,48.8195],[36.0638,48.8323],[36.0373,48.8377],[36.0121,48.8509],[36.0003,48.8544],[35.9669,48.8531],[35.9742,48.8671],[35.9998,48.8765],[36.0184,48.8939],[35.9998,48.9188],[35.9918,48.929],[35.9887,48.9437],[35.9797,48.952],[35.9525,48.9687],[35.9396,48.9745],[35.9184,48.971],[35.8708,48.9601],[35.8536,48.9536],[35.838,48.9458],[35.824,48.9422],[35.8094,48.9391],[35.7944,48.9342],[35.773,48.9394],[35.7528,48.9455],[35.7111,48.9536],[35.6942,48.9498],[35.6792,48.948],[35.6628,48.9557],[35.649,48.9594],[35.6192,48.9587],[35.6031,48.9655],[35.586,48.9747],[35.5735,48.9754],[35.5598,48.9716],[35.5087,48.9769],[35.4833,48.9742],[35.4702,48.9738],[35.4564,48.9766],[35.4361,48.9911],[35.4204,49.0002],[35.3613,49.022],[35.3478,49.0313],[35.3303,49.0471],[35.298,49.0626],[35.2842,49.077],[35.219,49.1115],[35.2114,49.1241],[35.1989,49.1336],[35.1698,49.1472],[35.1527,49.1524],[35.1284,49.1537],[35.1032,49.1566],[35.0746,49.1537],[35.057,49.1569],[35.0414,49.1635],[35.0184,49.1597],[34.9839,49.1637],[34.9897,49.1775],[34.9833,49.2003],[34.9746,49.2169],[34.9549,49.2395],[34.9538,49.2528],[34.9641,49.2715],[34.9729,49.2806],[35.0246,49.3172],[35.0388,49.3205],[35.053,49.3162],[35.0733,49.3016],[35.0902,49.2972],[35.1885,49.292],[35.2095,49.2943],[35.2632,49.3116],[35.2791,49.3198],[35.309,49.342],[35.3351,49.3698],[35.3605,49.392],[35.3492,49.4108],[35.3532,49.423],[35.3431,49.4304],[35.3306,49.4347],[35.3235,49.4459],[35.3137,49.4612],[35.3174,49.4769],[35.3267,49.4854],[35.3422,49.4876],[35.3568,49.4908],[35.4193,49.4808],[35.4345,49.4893],[35.46,49.4932],[35.4648,49.507],[35.4544,49.5135],[35.433,49.522],[35.416,49.5338],[35.3962,49.5407],[35.3934,49.5533],[35.4456,49.5546],[35.4665,49.5572],[35.4727,49.5686],[35.4642,49.5822],[35.4198,49.6373],[35.4135,49.6505],[35.4251,49.662],[35.4259,49.6806],[35.4119,49.6876],[35.3813,49.688],[35.3698,49.6816],[35.3633,49.6702],[35.3417,49.6694],[35.2913,49.6793],[35.2822,49.6892],[35.2493,49.6993],[35.237,49.711],[35.2359,49.7241],[35.21,49.7403],[35.1984,49.7538],[35.1924,49.7699],[35.1905,49.7897],[35.1936,49.8177],[35.1911,49.832],[35.1662,49.8512],[35.1541,49.8549],[35.1382,49.8535],[35.1257,49.8481],[35.1029,49.8476],[35.0407,49.868],[35.0224,49.8832],[35.0086,49.8889],[34.9673,49.8887],[34.9546,49.8901],[34.9357,49.8976],[34.9261,49.9051],[34.8986,49.9124],[34.8778,49.93],[34.864,49.9423],[34.8581,49.9693],[34.8415,50],[34.8528,50.0132],[34.8621,50.0216],[34.9068,50.05],[34.9158,50.0641],[34.9178,50.0773],[34.9172,50.1324],[34.9082,50.1459],[34.9454,50.1588],[34.9573,50.1668],[34.9701,50.1894],[34.9824,50.1899],[34.992,50.1826],[35.005,50.1763],[35.0251,50.1706],[35.0358,50.1783],[35.0345,50.1927],[35.0513,50.2095],[35.0672,50.215],[35.0817,50.2088],[35.0964,50.2112],[35.104,50.2246],[35.1203,50.2397],[35.1354,50.245],[35.1484,50.2444],[35.1611,50.2426],[35.1821,50.2358],[35.1947,50.2323],[35.2418,50.2361],[35.253,50.2409],[35.2504,50.2573],[35.2597,50.275],[35.2984,50.2737],[35.3113,50.2787],[35.3059,50.2896],[35.3208,50.302],[35.3365,50.3052],[35.3664,50.2945],[35.3804,50.2922],[35.3905,50.3],[35.3906,50.3194],[35.3973,50.3323],[35.4152,50.3328],[35.4938,50.3021],[35.5067,50.3014],[35.4983,50.3124],[35.5325,50.3173],[35.5618,50.3189],[35.5776,50.3239],[35.5955,50.3259],[35.6273,50.3199],[35.6462,50.3183],[35.6625,50.3187],[35.6774,50.3217],[35.687,50.3304],[35.6922,50.3441],[35.7103,50.3556],[35.7213,50.3687],[35.7377,50.3816],[35.7654,50.3845],[35.7855,50.3945],[35.8054,50.4121],[35.8193,50.419],[35.8374,50.4232],[35.9319,50.4301],[36.1058,50.4211],[36.1332,50.4116],[36.1407,50.3929],[36.1693,50.3837],[36.269,50.2814],[36.292,50.274],[36.3158,50.2748],[36.3395,50.2815],[36.3614,50.2917],[36.381,50.304],[36.4002,50.3066],[36.4305,50.2969],[36.4527,50.2935],[36.4802,50.2809],[36.5121,50.2764],[36.5364,50.2675],[36.5339,50.2387],[36.5346,50.2199],[36.5495,50.2122],[36.571,50.2069],[36.5944,50.2044],[36.6169,50.2064],[36.6358,50.214],[36.6604,50.2438],[36.6698,50.253],[36.6826,50.2607],[36.8486,50.3237],[36.914,50.3391],[36.9801,50.3421],[37.0517,50.3353],[37.197,50.3624],[37.2267,50.3771],[37.2852,50.4153],[37.3147,50.4229],[37.4152,50.4319],[37.4352,50.4249],[37.4502,50.399],[37.4638,50.3665],[37.48,50.34],[37.5682,50.3125],[37.5992,50.2909],[37.6015,50.249],[37.5915,50.2253],[37.5903,50.2038],[37.6318,50.1741],[37.7276,50.0787],[37.7634,50.0626],[37.8428,50.0391],[37.8817,50.023],[37.9158,50.0033],[37.9465,49.9782],[37.979,49.9414],[37.9953,49.9213],[37.9958,49.9059],[38.0004,49.8998]]]]}},{"type":"Feature","properties":{"name":"Київська область","Ukraine":true},"geometry":{"type":"MultiPolygon","coordinates":[[[[29.8286,51.43],[29.8466,51.4329],[29.8568,51.4398],[29.8736,51.4592],[29.8863,51.4648],[29.9126,51.4574],[29.9251,51.4579],[29.9857,51.4778],[30.0087,51.4821],[30.1486,51.4844],[30.1773,51.4795],[30.2054,51.4665],[30.2428,51.4344],[30.2569,51.425],[30.3074,51.4096],[30.3202,51.4021],[30.329,51.3886],[30.33,51.3703],[30.3199,51.3416],[30.3245,51.33],[30.3551,51.3053],[30.3685,51.2977],[30.3837,51.2939],[30.4135,51.294],[30.4281,51.2917],[30.4428,51.283],[30.465,51.2619],[30.4807,51.2589],[30.4946,51.2599],[30.5081,51.2577],[30.5208,51.2524],[30.532,51.2446],[30.5396,51.2351],[30.5546,51.2425],[30.5538,51.2291],[30.5248,51.2277],[30.5148,51.2203],[30.5279,51.1947],[30.5314,51.1803],[30.5128,51.1167],[30.5081,51.0468],[30.5123,51.0167],[30.5215,51.0081],[30.5381,51.0103],[30.551,51.0167],[30.5677,51.0132],[30.5795,51.007],[30.5919,51.0047],[30.6068,51.0049],[30.6247,51.0002],[30.6491,50.9856],[30.6588,50.9752],[30.6635,50.9613],[30.6632,50.9492],[30.6588,50.9314],[30.6526,50.9146],[30.6511,50.9022],[30.6615,50.8887],[30.7257,50.8724],[30.7673,50.853],[30.7802,50.8435],[30.7747,50.8194],[30.7653,50.7999],[30.7557,50.7861],[30.7418,50.7706],[30.7409,50.7574],[30.7577,50.7556],[30.7865,50.7607],[30.8025,50.7571],[30.8139,50.7509],[30.8259,50.7401],[30.8453,50.7379],[30.8625,50.7524],[30.9192,50.747],[30.9388,50.7475],[30.9538,50.7563],[30.9757,50.7592],[31.0299,50.7558],[31.0523,50.7581],[31.0688,50.7657],[31.0836,50.7687],[31.0977,50.759],[31.1136,50.7454],[31.1105,50.7305],[31.1192,50.7211],[31.1327,50.7193],[31.1489,50.7188],[31.1597,50.7103],[31.1622,50.6978],[31.1852,50.6856],[31.1992,50.6761],[31.2095,50.6648],[31.2182,50.6453],[31.221,50.6309],[31.214,50.6157],[31.2044,50.6078],[31.1893,50.6071],[31.1797,50.5953],[31.1856,50.5823],[31.2145,50.5636],[31.226,50.56],[31.2457,50.5603],[31.2584,50.5577],[31.2615,50.5384],[31.2682,50.5255],[31.2806,50.5192],[31.2981,50.5177],[31.3158,50.5116],[31.3282,50.5084],[31.3458,50.5114],[31.3641,50.5141],[31.3844,50.5127],[31.4629,50.5002],[31.4734,50.506],[31.4834,50.5138],[31.4966,50.5179],[31.5613,50.5091],[31.5765,50.5118],[31.5889,50.5175],[31.6077,50.5173],[31.622,50.5212],[31.6316,50.5293],[31.6445,50.5346],[31.6606,50.537],[31.6709,50.5446],[31.6819,50.5514],[31.6978,50.5539],[31.7377,50.5515],[31.7523,50.5554],[31.7616,50.5637],[31.7716,50.5717],[31.7834,50.5764],[31.7835,50.5894],[31.7931,50.6003],[31.7967,50.6142],[31.825,50.622],[31.8474,50.6239],[31.8671,50.6165],[31.896,50.5988],[31.9089,50.5928],[31.9441,50.5618],[31.9539,50.5545],[31.9678,50.549],[31.9801,50.548],[32.0225,50.5482],[32.0325,50.5393],[32.0352,50.5251],[32.0339,50.5115],[32.024,50.5002],[32.0009,50.5025],[31.9807,50.49],[31.973,50.4799],[32.0011,50.457],[32.0099,50.4445],[32.0102,50.4315],[32.0201,50.4197],[32.0425,50.4115],[32.0588,50.4103],[32.082,50.4103],[32.087,50.398],[32.0721,50.3889],[32.0788,50.3739],[32.1391,50.3501],[32.1143,50.306],[32.0989,50.2913],[32.098,50.2786],[32.0957,50.2634],[32.0695,50.2387],[32.0566,50.2419],[32.0378,50.2493],[32.0192,50.2514],[32.0043,50.2489],[31.9835,50.2346],[31.9751,50.2241],[31.9743,50.2095],[31.9824,50.2004],[31.9939,50.1898],[31.993,50.1755],[31.9813,50.1638],[31.9599,50.1496],[31.9477,50.1457],[31.9356,50.1445],[31.9185,50.1479],[31.9048,50.1323],[31.8932,50.1211],[31.862,50.1058],[31.8496,50.095],[31.8581,50.0791],[31.8605,50.0642],[31.8643,50.05],[31.8712,50.0374],[31.872,50.0234],[31.858,50.0174],[31.8194,50.0096],[31.8066,50.0013],[31.8094,49.9844],[31.8092,49.9686],[31.8024,49.9529],[31.7927,49.9395],[31.7672,49.9178],[31.765,49.9007],[31.7421,49.879],[31.7312,49.8674],[31.7215,49.8537],[31.7074,49.8466],[31.6131,49.8581],[31.6066,49.8867],[31.5965,49.8976],[31.5832,49.8911],[31.5782,49.8727],[31.5709,49.8627],[31.558,49.859],[31.545,49.8586],[31.5324,49.8618],[31.5194,49.8665],[31.5092,49.8592],[31.5039,49.8455],[31.4918,49.8417],[31.4759,49.8546],[31.4711,49.8682],[31.4606,49.8792],[31.4505,49.8903],[31.4445,49.9032],[31.4302,49.9061],[31.405,49.9009],[31.3572,49.8998],[31.336,49.8967],[31.2589,49.8617],[31.2236,49.8591],[31.212,49.8539],[31.1951,49.8347],[31.1819,49.8245],[31.1924,49.8091],[31.1968,49.7974],[31.1852,49.7825],[31.1824,49.7702],[31.1923,49.763],[31.1881,49.7176],[31.172,49.6989],[31.1735,49.6826],[31.1727,49.6681],[31.1625,49.655],[31.1503,49.6327],[31.1347,49.622],[31.1274,49.6027],[31.1377,49.5917],[31.1538,49.5879],[31.159,49.5743],[31.1579,49.5622],[31.1501,49.5525],[31.119,49.5384],[31.104,49.5277],[31.0875,49.5012],[31.0773,49.4907],[31.0346,49.4715],[31.0228,49.462],[30.9982,49.4469],[30.9879,49.4392],[30.9788,49.4309],[30.956,49.4185],[30.9462,49.4105],[30.9223,49.382],[30.9188,49.3705],[30.9192,49.3546],[30.908,49.3461],[30.8944,49.3477],[30.882,49.3564],[30.8682,49.3606],[30.8483,49.3496],[30.832,49.3472],[30.8165,49.3519],[30.8011,49.3487],[30.7848,49.337],[30.7483,49.3287],[30.73,49.3216],[30.715,49.3236],[30.6918,49.3494],[30.6782,49.3544],[30.6546,49.3506],[30.6424,49.3516],[30.6272,49.3579],[30.6152,49.3549],[30.6022,49.3377],[30.5927,49.3299],[30.56,49.34],[30.539,49.3338],[30.501,49.3241],[30.4861,49.3297],[30.4753,49.3411],[30.463,49.3474],[30.445,49.35],[30.4279,49.344],[30.4172,49.3278],[30.4166,49.3119],[30.4088,49.2932],[30.3899,49.2386],[30.3733,49.233],[30.3595,49.2406],[30.3573,49.2551],[30.1742,49.2824],[30.1644,49.2896],[30.1708,49.3036],[30.182,49.3153],[30.1576,49.3291],[30.1359,49.3192],[30.1149,49.309],[30.1044,49.3013],[30.1138,49.2857],[30.1027,49.276],[30.0883,49.2808],[30.0527,49.2834],[30.0386,49.2851],[30.0243,49.2777],[30.0136,49.2668],[29.9969,49.2635],[29.9636,49.2631],[29.932,49.2506],[29.9201,49.2462],[29.9093,49.2298],[29.8981,49.2166],[29.8771,49.2025],[29.8699,49.1897],[29.869,49.1759],[29.8369,49.1746],[29.7779,49.1706],[29.7615,49.1746],[29.741,49.1844],[29.7295,49.1952],[29.7346,49.2077],[29.7453,49.2133],[29.6972,49.2273],[29.6877,49.2412],[29.6617,49.243],[29.648,49.2431],[29.6366,49.2528],[29.6114,49.28],[29.5977,49.2996],[29.5847,49.3076],[29.5565,49.3105],[29.5315,49.3177],[29.5227,49.3262],[29.5196,49.3397],[29.4998,49.3657],[29.5001,49.3785],[29.5077,49.3888],[29.5608,49.4127],[29.5689,49.4216],[29.5696,49.4438],[29.5431,49.4819],[29.5416,49.4948],[29.5544,49.5003],[29.5662,49.5084],[29.5675,49.5206],[29.5653,49.5325],[29.5218,49.5489],[29.5104,49.5557],[29.4986,49.5683],[29.4946,49.5841],[29.496,49.5966],[29.5093,49.6172],[29.5147,49.6328],[29.5032,49.644],[29.4472,49.6508],[29.45,49.6654],[29.4738,49.6757],[29.4821,49.6894],[29.4828,49.7026],[29.4679,49.7095],[29.4452,49.7068],[29.4326,49.7066],[29.4193,49.7081],[29.4266,49.7182],[29.4396,49.7332],[29.4452,49.7455],[29.4491,49.7585],[29.4433,49.7774],[29.4375,49.7908],[29.4497,49.8023],[29.4721,49.8027],[29.4836,49.8076],[29.4958,49.8171],[29.5088,49.8171],[29.5551,49.8362],[29.5875,49.8459],[29.6063,49.8567],[29.6254,49.862],[29.6387,49.8687],[29.6549,49.8829],[29.6666,49.8975],[29.6983,49.9094],[29.7275,49.9288],[29.7363,49.9408],[29.6761,50.0085],[29.6719,50.0226],[29.6812,50.0313],[29.6708,50.0738],[29.6693,50.0898],[29.6794,50.0987],[29.7129,50.1041],[29.7256,50.1114],[29.7344,50.1215],[29.7273,50.1363],[29.7273,50.1497],[29.7233,50.1611],[29.7053,50.1685],[29.6949,50.1757],[29.6918,50.1985],[29.6911,50.2184],[29.6965,50.2578],[29.6914,50.2724],[29.675,50.2767],[29.6598,50.292],[29.6479,50.3105],[29.6378,50.3179],[29.6252,50.3195],[29.6083,50.3215],[29.6007,50.3427],[29.5877,50.3636],[29.5812,50.3913],[29.5724,50.4014],[29.5551,50.4172],[29.5424,50.4232],[29.4941,50.4232],[29.4502,50.412],[29.4326,50.4143],[29.4257,50.4264],[29.4508,50.4309],[29.4637,50.4372],[29.4472,50.4526],[29.4531,50.4644],[29.471,50.4618],[29.4846,50.4659],[29.4989,50.4917],[29.4966,50.505],[29.4828,50.5116],[29.4732,50.5223],[29.4887,50.5305],[29.5085,50.5559],[29.5132,50.5674],[29.4922,50.5824],[29.4794,50.5938],[29.4904,50.6152],[29.4998,50.6264],[29.5279,50.6535],[29.5374,50.6671],[29.5751,50.6837],[29.5847,50.6916],[29.5925,50.7065],[29.5785,50.7453],[29.5751,50.7594],[29.5675,50.7721],[29.5493,50.7795],[29.5361,50.7808],[29.4991,50.7775],[29.4885,50.7845],[29.5076,50.8589],[29.5023,50.8726],[29.4781,50.89],[29.4226,50.9451],[29.4091,50.9495],[29.3976,50.9566],[29.3931,50.9701],[29.4297,50.9797],[29.4492,50.973],[29.462,50.9697],[29.4663,50.9834],[29.4632,51.0062],[29.4635,51.0193],[29.4718,51.0349],[29.4849,51.0479],[29.4897,51.0591],[29.4829,51.0723],[29.4721,51.0794],[29.4381,51.0881],[29.4272,51.0951],[29.4207,51.1084],[29.3811,51.1342],[29.3628,51.1416],[29.347,51.1448],[29.3191,51.1201],[29.3049,51.1278],[29.3,51.142],[29.2892,51.1935],[29.2705,51.2368],[29.2886,51.2434],[29.3181,51.2512],[29.3494,51.266],[29.3622,51.2738],[29.3748,51.2848],[29.3847,51.2982],[29.3892,51.3174],[29.3918,51.3543],[29.3886,51.3666],[29.3748,51.3635],[29.3621,51.3654],[29.354,51.3753],[29.3797,51.3915],[29.4027,51.3961],[29.4464,51.3849],[29.4663,51.385],[29.4809,51.4012],[29.4955,51.4256],[29.5055,51.4374],[29.519,51.4418],[29.545,51.4436],[29.5682,51.4496],[29.5832,51.4608],[29.5973,51.4739],[29.618,51.4856],[29.6378,51.4909],[29.6608,51.4931],[29.6827,51.4912],[29.7,51.4837],[29.7165,51.4657],[29.7253,51.4504],[29.7379,51.4395],[29.8286,51.43]]]]}},{"type":"Feature","properties":{"name":"Рівненська область","Ukraine":true},"geometry":{"type":"MultiPolygon","coordinates":[[[[25.9811,51.9035],[26.0506,51.9048],[26.0807,51.9006],[26.1454,51.8648],[26.1753,51.8567],[26.4078,51.8506],[26.4198,51.8468],[26.417,51.8306],[26.4315,51.8102],[26.4456,51.8056],[26.6657,51.8014],[26.8548,51.7493],[26.9208,51.7425],[27.0216,51.7645],[27.1099,51.7624],[27.1511,51.7567],[27.1778,51.7471],[27.1842,51.7314],[27.1815,51.7101],[27.181,51.6834],[27.189,51.6638],[27.2036,51.6551],[27.2236,51.6537],[27.2479,51.6556],[27.2775,51.6511],[27.2745,51.6338],[27.2597,51.6123],[27.254,51.5954],[27.2675,51.5875],[27.2893,51.589],[27.3291,51.597],[27.3884,51.5907],[27.409,51.5917],[27.431,51.5984],[27.4588,51.6175],[27.4773,51.6237],[27.5123,51.6231],[27.6206,51.5959],[27.6768,51.5948],[27.6926,51.5892],[27.7052,51.5683],[27.6973,51.5432],[27.6641,51.4928],[27.6331,51.4867],[27.6093,51.4793],[27.5895,51.4743],[27.5796,51.4573],[27.5757,51.4379],[27.5794,51.4237],[27.5941,51.4145],[27.6036,51.4026],[27.5938,51.3911],[27.5439,51.4155],[27.5321,51.4306],[27.52,51.441],[27.5054,51.4421],[27.4886,51.3882],[27.4883,51.3753],[27.5062,51.3582],[27.5095,51.3421],[27.5003,51.3289],[27.4868,51.3187],[27.4221,51.3073],[27.4503,51.2556],[27.4538,51.2403],[27.4491,51.2279],[27.4408,51.2169],[27.4298,51.2083],[27.4073,51.2],[27.3976,51.1922],[27.3848,51.1674],[27.3761,51.157],[27.3606,51.1449],[27.3546,51.1293],[27.3521,51.1072],[27.3434,51.0923],[27.3237,51.0779],[27.3051,51.0525],[27.2945,51.0436],[27.2712,51.036],[27.2323,51.0304],[27.2198,51.0248],[27.2065,51.0005],[27.1982,50.9909],[27.2149,50.9697],[27.2198,50.9504],[27.2339,50.9377],[27.2328,50.9248],[27.2179,50.9189],[27.2223,50.907],[27.2353,50.8963],[27.2402,50.8832],[27.2241,50.8245],[27.2233,50.8123],[27.2272,50.7954],[27.241,50.776],[27.261,50.7568],[27.2706,50.7408],[27.2664,50.7202],[27.2435,50.6818],[27.2353,50.6727],[27.2152,50.6575],[27.202,50.6341],[27.1952,50.6238],[27.1969,50.6052],[27.2068,50.5979],[27.2261,50.5912],[27.2356,50.583],[27.2275,50.5676],[27.1923,50.5412],[27.1441,50.5484],[27.1318,50.555],[27.1319,50.5687],[27.1262,50.582],[27.1136,50.5871],[27.0976,50.5866],[27.0844,50.5801],[27.0753,50.5614],[27.0633,50.5553],[27.042,50.5511],[27.0228,50.5455],[26.9983,50.5328],[26.9863,50.5237],[26.9688,50.5176],[26.9493,50.5189],[26.9292,50.5264],[26.9091,50.5315],[26.8954,50.5308],[26.8765,50.5199],[26.8071,50.5009],[26.798,50.4893],[26.7998,50.4741],[26.7966,50.4615],[26.7802,50.4591],[26.7573,50.4659],[26.7398,50.4649],[26.7348,50.449],[26.7278,50.439],[26.7173,50.4327],[26.7087,50.4238],[26.6937,50.4069],[26.6501,50.3844],[26.6485,50.3706],[26.6431,50.359],[26.5911,50.334],[26.5767,50.3199],[26.5697,50.3099],[26.5548,50.3004],[26.5184,50.2837],[26.5038,50.2701],[26.4799,50.2536],[26.4647,50.2484],[26.4408,50.247],[26.4212,50.2495],[26.3992,50.2489],[26.3835,50.2441],[26.3681,50.2352],[26.3204,50.1889],[26.3034,50.1755],[26.2823,50.1668],[26.2332,50.1523],[26.2304,50.1823],[26.2211,50.1914],[26.205,50.1994],[26.203,50.2131],[26.209,50.2238],[26.2172,50.2329],[26.2279,50.2424],[26.2273,50.2573],[26.2133,50.2613],[26.2032,50.2539],[26.1658,50.2421],[26.1472,50.2426],[26.0831,50.2625],[26.0653,50.2652],[26.0487,50.2631],[26.0219,50.2534],[25.9985,50.2557],[25.97,50.2627],[25.9566,50.2644],[25.9232,50.2528],[25.8305,50.1878],[25.809,50.1791],[25.6928,50.1731],[25.6758,50.1706],[25.6516,50.1574],[25.6359,50.1508],[25.6179,50.1583],[25.6024,50.1596],[25.5806,50.1458],[25.5667,50.1407],[25.5512,50.1454],[25.519,50.1525],[25.4975,50.1588],[25.4726,50.1634],[25.4534,50.1627],[25.4429,50.1405],[25.444,50.1254],[25.4622,50.1141],[25.4599,50.0961],[25.4484,50.0831],[25.4194,50.0719],[25.4141,50.0578],[25.4144,50.0369],[25.4003,50.0323],[25.3813,50.0367],[25.3699,50.0282],[25.3676,50.0131],[25.2959,50.0413],[25.2023,50.095],[25.1854,50.128],[25.184,50.1401],[25.1851,50.1572],[25.1929,50.1816],[25.1691,50.2066],[25.1677,50.22],[25.1963,50.2385],[25.2051,50.2468],[25.2078,50.2634],[25.2038,50.2771],[25.1956,50.288],[25.1756,50.294],[25.1634,50.2944],[25.1264,50.2823],[25.1041,50.2794],[25.0838,50.2805],[25.07,50.2846],[25.0635,50.2948],[25.1226,50.3312],[25.1438,50.3474],[25.1555,50.3578],[25.1725,50.3644],[25.195,50.3697],[25.2036,50.3807],[25.1942,50.3928],[25.1763,50.3952],[25.1423,50.4275],[25.133,50.4353],[25.1179,50.4442],[25.1013,50.4521],[25.0918,50.4618],[25.103,50.4669],[25.1213,50.465],[25.1368,50.4681],[25.1513,50.4797],[25.167,50.4981],[25.1569,50.5099],[25.1274,50.5244],[25.1198,50.5362],[25.1325,50.5488],[25.1481,50.5528],[25.1949,50.5448],[25.2708,50.5396],[25.2866,50.543],[25.2974,50.5493],[25.305,50.5591],[25.3052,50.5715],[25.2991,50.5852],[25.2867,50.6002],[25.2899,50.614],[25.3666,50.6093],[25.3816,50.6118],[25.3562,50.6291],[25.3535,50.6432],[25.3638,50.655],[25.359,50.6691],[25.3816,50.6686],[25.3941,50.6633],[25.4154,50.658],[25.4402,50.6543],[25.4584,50.6564],[25.4882,50.6683],[25.5226,50.6767],[25.5611,50.6898],[25.5825,50.7001],[25.6029,50.7069],[25.6556,50.707],[25.6685,50.7055],[25.6885,50.6945],[25.7079,50.6795],[25.7099,50.6672],[25.7561,50.6587],[25.7749,50.6516],[25.7956,50.6374],[25.8098,50.6317],[25.8272,50.6312],[25.8455,50.6699],[25.8545,50.6809],[25.8678,50.6934],[25.8705,50.7086],[25.8654,50.7353],[25.8678,50.7744],[25.8754,50.7925],[25.8904,50.8],[25.9351,50.823],[25.9483,50.8268],[25.9791,50.8242],[25.9936,50.8261],[26.0032,50.8346],[25.9951,50.8445],[25.9712,50.8517],[25.9692,50.8643],[25.9819,50.8768],[26.0066,50.8917],[26.0142,50.9033],[26.0111,50.9174],[25.9975,50.9273],[25.9816,50.935],[25.9749,50.9451],[25.9831,50.9564],[26.06,50.9652],[26.0763,50.9696],[26.0898,50.976],[26.0939,50.9925],[26.0922,51.0047],[26.0832,51.0162],[26.0772,51.0303],[26.0584,51.0541],[26.0413,51.0663],[26.0289,51.0723],[26.0126,51.0731],[25.9998,51.0706],[25.985,51.064],[25.9545,51.0707],[25.9467,51.0802],[25.9509,51.1081],[26.028,51.1255],[26.0476,51.136],[26.0566,51.1463],[26.062,51.1592],[26.0628,51.1742],[26.0054,51.2158],[25.9289,51.2395],[25.9167,51.2501],[25.8974,51.2652],[25.8685,51.2798],[25.8586,51.2914],[25.8545,51.3052],[25.8294,51.314],[25.8165,51.3199],[25.8075,51.332],[25.8118,51.3503],[25.8213,51.3725],[25.8008,51.3741],[25.7858,51.3701],[25.7726,51.3704],[25.7564,51.3745],[25.747,51.3865],[25.7341,51.3876],[25.7205,51.373],[25.7101,51.3652],[25.6951,51.3618],[25.6685,51.3676],[25.6558,51.3685],[25.6429,51.3682],[25.6213,51.3641],[25.6078,51.359],[25.5991,51.3503],[25.5935,51.3393],[25.583,51.3327],[25.5695,51.3356],[25.5577,51.3462],[25.5614,51.3945],[25.5597,51.4105],[25.5606,51.4318],[25.5648,51.4488],[25.5659,51.4618],[25.5532,51.4966],[25.5506,51.5097],[25.5515,51.5254],[25.562,51.5409],[25.5865,51.5553],[25.6002,51.5707],[25.6008,51.5851],[25.5898,51.592],[25.5719,51.5954],[25.5628,51.6033],[25.5535,51.6123],[25.5365,51.6104],[25.5237,51.6118],[25.5116,51.6181],[25.5069,51.6414],[25.5045,51.6608],[25.506,51.6782],[25.5099,51.6986],[25.5153,51.715],[25.5237,51.7247],[25.5727,51.7683],[25.608,51.7877],[25.6281,51.8045],[25.6384,51.8168],[25.6427,51.8309],[25.634,51.8473],[25.6298,51.8602],[25.6335,51.8759],[25.6447,51.8827],[25.659,51.8881],[25.5639,51.897],[25.5516,51.9018],[25.5474,51.9194],[25.6835,51.918],[25.7679,51.9285],[25.9811,51.9035]]]]}},{"type":"Feature","properties":{"name":"Запорізька область","Ukraine":true},"geometry":{"type":"MultiPolygon","coordinates":[[[[35.5147,48.0794],[35.5308,48.0807],[35.5466,48.0845],[35.5792,48.1046],[35.5953,48.1133],[35.6461,48.1243],[35.6741,48.127],[35.6915,48.1245],[35.7029,48.1178],[35.7236,48.0999],[35.781,48.0894],[35.7939,48.0833],[35.8088,48.0668],[35.8285,48.067],[35.8828,48.082],[35.9423,48.0918],[35.9592,48.0907],[35.9699,48.0839],[35.9665,48.0636],[35.9721,48.043],[35.9746,48.0286],[35.9897,48.0262],[36.0324,48.0427],[36.0447,48.0433],[36.0445,48.03],[36.0283,48.0168],[36.0213,48.0042],[36.0411,47.9991],[36.0531,47.993],[36.0593,47.9691],[36.0579,47.9541],[36.0724,47.9476],[36.0824,47.94],[36.1147,47.9398],[36.1136,47.9259],[36.1178,47.9129],[36.1094,47.8949],[36.1013,47.878],[36.0928,47.8683],[36.0757,47.8725],[36.0638,47.8755],[36.0607,47.8636],[36.0721,47.8569],[36.0786,47.8452],[36.0927,47.8404],[36.1066,47.8347],[36.1522,47.8379],[36.1688,47.8501],[36.1811,47.8602],[36.1935,47.8635],[36.2067,47.8606],[36.212,47.8403],[36.2192,47.8286],[36.247,47.8262],[36.2674,47.8161],[36.286,47.8133],[36.3079,47.8138],[36.3252,47.8177],[36.3364,47.8306],[36.3473,47.8365],[36.3612,47.8398],[36.3757,47.837],[36.3878,47.8271],[36.5761,47.8442],[36.5769,47.803],[36.5837,47.7914],[36.6058,47.7865],[36.643,47.7898],[36.655,47.785],[36.6585,47.7637],[36.6892,47.7159],[36.7031,47.6908],[36.7152,47.6814],[36.7408,47.6771],[36.7364,47.6653],[36.7228,47.6613],[36.7213,47.6489],[36.7319,47.6388],[36.7495,47.6364],[36.7488,47.6173],[36.7488,47.6051],[36.7666,47.6015],[36.7979,47.6102],[36.809,47.6056],[36.8258,47.5958],[36.865,47.5663],[36.8818,47.5559],[36.8933,47.5509],[36.9042,47.5573],[36.9307,47.571],[36.9442,47.5704],[36.9875,47.5525],[37.0212,47.5242],[37.0999,47.4778],[37.1223,47.4546],[37.1341,47.4504],[37.1439,47.4612],[37.1943,47.4593],[37.2114,47.4595],[37.2178,47.4484],[37.2018,47.4291],[37.1996,47.4132],[37.1888,47.3954],[37.183,47.3837],[37.1833,47.3678],[37.185,47.3556],[37.1711,47.3475],[37.159,47.3501],[37.1497,47.3614],[37.1399,47.3686],[37.1259,47.3726],[37.1065,47.3681],[37.0958,47.3552],[37.0899,47.3429],[37.0789,47.33],[37.0741,47.3188],[37.0742,47.3042],[37.0289,47.2875],[37.0078,47.2869],[36.9891,47.2886],[36.9732,47.2932],[36.962,47.2986],[36.947,47.2995],[36.9321,47.3051],[36.9194,47.3013],[36.9139,47.2836],[36.9335,47.2536],[36.938,47.2411],[36.9411,47.2159],[36.9317,47.2049],[36.8699,47.1998],[36.8565,47.1937],[36.8644,47.1824],[36.889,47.166],[36.9405,47.1496],[36.9588,47.1419],[36.983,47.1174],[36.9908,47.1061],[37.0026,47.0765],[37.0109,47.0656],[37.0459,47.0461],[37.0608,47.0541],[37.0741,47.0558],[37.091,47.0439],[37.1062,47.037],[37.1185,47.0282],[37.1056,47.0113],[37.0938,47.0009],[37.1144,46.9758],[37.0997,46.9577],[37.0863,46.9551],[37.0721,46.9597],[37.057,46.9595],[37.0188,46.9357],[37.0096,46.9268],[37.0377,46.8767],[37.0177,46.8713],[36.9849,46.8525],[36.9388,46.8395],[36.8862,46.804],[36.8537,46.8005],[36.8625,46.7769],[36.8491,46.7545],[36.8296,46.7319],[36.8196,46.7076],[36.8123,46.6805],[36.7937,46.6536],[36.7693,46.6374],[36.7438,46.6422],[36.7716,46.6434],[36.7903,46.6713],[36.8022,46.707],[36.8025,46.7247],[36.7581,46.7589],[36.7428,46.7647],[36.7101,46.7728],[36.696,46.78],[36.6792,46.773],[36.6616,46.7737],[36.6339,46.78],[36.617,46.7767],[36.606,46.7694],[36.59,46.7589],[36.5241,46.7589],[36.4827,46.7417],[36.4325,46.7348],[36.4001,46.7239],[36.3711,46.7084],[36.3035,46.6592],[36.2843,46.6364],[36.2783,46.6074],[36.2711,46.6222],[36.2578,46.6217],[36.2467,46.6127],[36.2445,46.6305],[36.2329,46.6407],[36.2218,46.654],[36.21,46.6627],[36.1895,46.669],[36.1717,46.6686],[36.1344,46.6627],[36.062,46.6701],[35.9255,46.6523],[35.9016,46.6527],[35.8271,46.6234],[35.7711,46.6013],[35.7419,46.5844],[35.6613,46.5193],[35.6287,46.4985],[35.5105,46.4572],[35.4915,46.448],[35.4757,46.4357],[35.4455,46.406],[35.43,46.3956],[35.395,46.3786],[35.3801,46.3685],[35.2845,46.2592],[35.2676,46.2597],[35.2914,46.2933],[35.3278,46.3192],[35.3421,46.3358],[35.346,46.361],[35.3289,46.348],[35.3115,46.3376],[35.2917,46.3364],[35.2676,46.351],[35.2585,46.3734],[35.2645,46.3998],[35.2845,46.4374],[35.2609,46.4416],[35.2432,46.447],[35.2303,46.4555],[35.2146,46.4626],[35.2017,46.4763],[35.1914,46.4943],[35.1883,46.5124],[35.1667,46.4931],[35.174,46.4733],[35.192,46.455],[35.202,46.4405],[35.2051,46.4276],[35.2137,46.4118],[35.2095,46.3964],[35.2015,46.3853],[35.1678,46.361],[35.1084,46.2977],[35.0693,46.2999],[35.0595,46.3239],[35.0533,46.3479],[35.0547,46.3631],[35.0602,46.3748],[35.0353,46.4564],[35.0233,46.469],[34.9949,46.4695],[34.9689,46.4791],[34.9465,46.486],[34.9245,46.5],[34.8714,46.4977],[34.8582,46.4984],[34.8528,46.5126],[34.8612,46.5236],[34.8663,46.5368],[34.8106,46.5447],[34.7763,46.5437],[34.7622,46.5472],[34.7537,46.5604],[34.7294,46.5869],[34.7221,46.599],[34.73,46.6158],[34.7399,46.6232],[34.7445,46.6372],[34.738,46.6536],[34.7277,46.6665],[34.6984,46.6712],[34.684,46.6753],[34.6671,46.6844],[34.6517,46.6833],[34.6354,46.6858],[34.6273,46.7035],[34.6332,46.7158],[34.6464,46.7199],[34.6737,46.7203],[34.6868,46.7243],[34.6979,46.7363],[34.7141,46.7429],[34.7235,46.7506],[34.7291,46.7628],[34.7406,46.7754],[34.7448,46.8047],[34.7546,46.8156],[34.7904,46.8251],[34.7965,46.8395],[34.7918,46.8549],[34.7844,46.8672],[34.7713,46.8725],[34.7538,46.8746],[34.7426,46.8818],[34.7291,46.9174],[34.7178,46.9285],[34.6694,46.9394],[34.6489,46.9497],[34.6149,46.9567],[34.6037,46.9655],[34.601,46.9802],[34.5951,46.9948],[34.5743,47.0026],[34.562,47.0082],[34.5565,47.0524],[34.5404,47.0997],[34.5181,47.1097],[34.5061,47.1169],[34.4991,47.1414],[34.4973,47.156],[34.5009,47.1807],[34.4922,47.2152],[34.4951,47.2287],[34.5044,47.2386],[34.503,47.2508],[34.4857,47.2612],[34.4762,47.2695],[34.4763,47.2857],[34.4826,47.2967],[34.5009,47.3031],[34.5064,47.3139],[34.4286,47.3129],[34.4162,47.308],[34.4115,47.2969],[34.4009,47.2848],[34.3933,47.2749],[34.3786,47.2733],[34.3594,47.2797],[34.3405,47.2798],[34.3244,47.2725],[34.3103,47.2693],[34.2984,47.2721],[34.2934,47.2938],[34.2805,47.3188],[34.2304,47.4315],[34.2037,47.4784],[34.3193,47.5052],[34.4459,47.5229],[34.5837,47.5672],[34.6446,47.5636],[34.7299,47.5392],[34.8326,47.5259],[34.8983,47.5232],[34.9106,47.5262],[34.9219,47.5388],[34.9296,47.5633],[34.9258,47.5768],[34.9,47.5918],[34.8973,47.6042],[34.9123,47.6302],[34.9186,47.6472],[34.9265,47.6768],[34.9341,47.6922],[34.9454,47.7389],[34.9357,47.75],[34.9116,47.7523],[34.8937,47.7557],[34.8904,47.7766],[34.8871,47.7904],[34.8911,47.805],[34.9,47.8163],[34.9035,47.8289],[34.8184,47.8666],[34.8081,47.8775],[34.8087,47.8897],[34.8143,47.9019],[34.8465,47.9221],[34.8965,47.9311],[34.9121,47.9384],[34.9169,47.9511],[34.9118,47.9644],[34.8668,47.9749],[34.8533,47.9807],[34.8453,47.9927],[34.8422,48.0065],[34.8227,48.0092],[34.8137,48.0198],[34.8348,48.0347],[34.8422,48.0653],[34.8465,48.0773],[34.8404,48.0892],[34.8353,48.1033],[34.8405,48.1175],[34.8514,48.1227],[34.8672,48.1216],[34.8702,48.1042],[34.8731,48.0902],[34.886,48.0809],[34.9431,48.081],[34.9691,48.0919],[35.0018,48.1106],[35.0174,48.1166],[35.0381,48.1182],[35.065,48.1197],[35.0808,48.1258],[35.1014,48.1287],[35.1181,48.129],[35.1562,48.1198],[35.1737,48.1209],[35.1911,48.1237],[35.2451,48.1302],[35.2747,48.1258],[35.34,48.104],[35.4971,48.0852],[35.5117,48.08],[35.5147,48.0794]]]]}},{"type":"Feature","properties":{"name":"Чернівецька область","Ukraine":true},"geometry":{"type":"MultiPolygon","coordinates":[[[[25.7423,48.6297],[25.7575,48.6397],[25.7666,48.6576],[25.7935,48.67],[25.8089,48.661],[25.821,48.6451],[25.8385,48.6366],[25.8596,48.6187],[25.8626,48.6035],[25.9116,48.5881],[25.9278,48.5869],[25.9441,48.5887],[25.9602,48.5964],[25.9738,48.6163],[25.9856,48.6235],[26.0103,48.6155],[26.0247,48.6214],[26.0289,48.6377],[26.0491,48.6476],[26.0623,48.6283],[26.0608,48.6092],[26.0516,48.583],[26.0642,48.5577],[26.0798,48.5473],[26.0991,48.5407],[26.1172,48.5419],[26.1296,48.5546],[26.1139,48.5704],[26.1058,48.5808],[26.1023,48.6066],[26.1331,48.6092],[26.1458,48.5963],[26.1445,48.568],[26.1495,48.5396],[26.1808,48.5267],[26.2389,48.5341],[26.2567,48.5334],[26.269,48.5302],[26.2941,48.5199],[26.3266,48.5115],[26.355,48.5101],[26.3805,48.5171],[26.404,48.5341],[26.4224,48.5297],[26.4706,48.5381],[26.4891,48.5304],[26.5153,48.5149],[26.5399,48.4789],[26.5528,48.4658],[26.5664,48.4573],[26.5832,48.4529],[26.6057,48.4516],[26.6219,48.4583],[26.607,48.4923],[26.6157,48.5068],[26.6346,48.5033],[26.6436,48.4925],[26.6877,48.4925],[26.709,48.4969],[26.6884,48.5184],[26.6709,48.5267],[26.6332,48.5334],[26.6144,48.5402],[26.6328,48.5624],[26.6549,48.5588],[26.6914,48.5403],[26.7062,48.5361],[26.7218,48.5352],[26.7341,48.5412],[26.7392,48.5577],[26.7161,48.5777],[26.7172,48.5948],[26.7406,48.5889],[26.7497,48.5616],[26.7594,48.5506],[26.7728,48.551],[26.7876,48.5683],[26.7831,48.5934],[26.7976,48.6079],[26.8188,48.6066],[26.8226,48.5812],[26.8279,48.5613],[26.8414,48.5463],[26.8593,48.5403],[26.8849,48.5435],[26.899,48.5518],[26.9097,48.5631],[26.9247,48.5751],[26.9453,48.5814],[26.9671,48.5807],[27.0036,48.5751],[27.0172,48.5645],[27.0318,48.5663],[27.0499,48.5673],[27.07,48.5627],[27.1134,48.5593],[27.1294,48.5653],[27.1413,48.579],[27.1814,48.5819],[27.2141,48.5701],[27.2264,48.5683],[27.2476,48.5704],[27.2605,48.5819],[27.2618,48.5957],[27.2455,48.6009],[27.2344,48.6185],[27.2548,48.6212],[27.2947,48.616],[27.3126,48.6048],[27.335,48.6018],[27.3588,48.6244],[27.3704,48.6297],[27.4097,48.6207],[27.4382,48.6025],[27.4584,48.5773],[27.4728,48.5471],[27.4944,48.4822],[27.5036,48.4727],[27.4809,48.4514],[27.4202,48.4171],[27.4035,48.4115],[27.3898,48.415],[27.3614,48.4328],[27.3422,48.4361],[27.306,48.4236],[27.2519,48.3783],[27.2085,48.3606],[27.1758,48.3618],[27.0688,48.3889],[27.048,48.3976],[27.0263,48.3971],[27.0282,48.3814],[27.0318,48.3652],[27.0156,48.3594],[26.9978,48.3615],[26.9811,48.3557],[26.9432,48.3513],[26.9087,48.3652],[26.8759,48.384],[26.8428,48.3937],[26.8284,48.3851],[26.8169,48.3717],[26.7936,48.3763],[26.7775,48.3661],[26.7841,48.3452],[26.7893,48.3259],[26.7901,48.307],[26.7857,48.2941],[26.7744,48.2872],[26.7546,48.2861],[26.7359,48.2918],[26.7236,48.3026],[26.713,48.3149],[26.6994,48.3251],[26.6798,48.3302],[26.6691,48.3088],[26.6361,48.2949],[26.6251,48.2829],[26.6186,48.2672],[26.5874,48.2493],[26.4613,48.2304],[26.4447,48.2277],[26.3974,48.2262],[26.3805,48.2232],[26.3473,48.2121],[26.3302,48.2085],[26.3118,48.2097],[26.2961,48.179],[26.2975,48.1563],[26.2869,48.1247],[26.2707,48.0936],[26.2553,48.0723],[26.2432,48.0629],[26.2171,48.048],[26.2048,48.0374],[26.1827,48.0033],[26.173,47.9931],[26.1257,47.9784],[26.1025,47.9782],[26.0293,47.9778],[25.9657,47.9649],[25.9181,47.9681],[25.9012,47.9659],[25.871,47.957],[25.8183,47.9526],[25.7525,47.9346],[25.2617,47.8986],[25.2189,47.8784],[25.1219,47.7703],[25.0802,47.7431],[25.0174,47.7246],[24.9424,47.7155],[24.9288,47.7139],[24.9285,47.7264],[24.9325,47.754],[24.9809,47.8284],[24.9848,47.8404],[24.9809,47.8552],[24.973,47.8675],[24.9694,47.8993],[24.9629,47.9125],[24.9479,47.9251],[24.9348,47.9474],[24.9317,47.971],[24.9276,47.9896],[24.931,48.006],[24.9797,48.0706],[24.9881,48.0962],[25.0006,48.1103],[25.0174,48.1186],[25.0464,48.125],[25.1063,48.1694],[25.117,48.175],[25.1317,48.1782],[25.1413,48.1864],[25.1342,48.1997],[25.1328,48.2157],[25.1364,48.2276],[25.1477,48.2367],[25.1623,48.2443],[25.1767,48.2496],[25.1961,48.2568],[25.2926,48.3402],[25.3696,48.3802],[25.4067,48.3915],[25.4474,48.4],[25.4928,48.4037],[25.5131,48.4029],[25.5451,48.3956],[25.5637,48.389],[25.5803,48.39],[25.5899,48.3988],[25.6004,48.4326],[25.6058,48.5216],[25.5777,48.5807],[25.5673,48.6091],[25.565,48.6209],[25.5724,48.6385],[25.5864,48.6507],[25.5985,48.6583],[25.6362,48.6781],[25.6488,48.6714],[25.6712,48.6672],[25.715,48.6645],[25.7312,48.6352],[25.7423,48.6297]]]]}},{"type":"Feature","properties":{"name":"Житомирська область","Ukraine":true},"geometry":{"type":"MultiPolygon","coordinates":[[[[28.3469,51.5251],[28.3596,51.5294],[28.3855,51.545],[28.4353,51.5661],[28.4612,51.5717],[28.4884,51.572],[28.5781,51.5601],[28.6039,51.5535],[28.6127,51.5399],[28.6152,51.5196],[28.6309,51.4636],[28.6373,51.4496],[28.647,51.439],[28.6635,51.434],[28.6779,51.438],[28.6911,51.4434],[28.7039,51.4426],[28.7111,51.4302],[28.7182,51.4116],[28.7288,51.4012],[28.7467,51.414],[28.7516,51.4287],[28.7494,51.4669],[28.7522,51.4837],[28.7719,51.5113],[28.7999,51.5326],[28.8319,51.5482],[28.8636,51.5589],[28.8929,51.5629],[28.9546,51.5632],[28.9808,51.5695],[29,51.5824],[29.0236,51.614],[29.0436,51.6262],[29.0632,51.6306],[29.0837,51.6312],[29.1239,51.625],[29.148,51.6156],[29.1604,51.6033],[29.1814,51.567],[29.2148,51.5354],[29.2265,51.519],[29.2304,51.4929],[29.221,51.4669],[29.2278,51.4556],[29.2444,51.4479],[29.2648,51.4329],[29.2761,51.4136],[29.2846,51.3917],[29.297,51.3737],[29.3199,51.3656],[29.3406,51.3701],[29.3533,51.377],[29.3621,51.3654],[29.3748,51.3635],[29.3861,51.3675],[29.3918,51.3543],[29.3892,51.3174],[29.3847,51.2982],[29.3748,51.2848],[29.3622,51.2738],[29.3494,51.266],[29.3181,51.2512],[29.2993,51.2452],[29.2764,51.2428],[29.2892,51.1935],[29.3,51.142],[29.3049,51.1278],[29.3132,51.1171],[29.3391,51.1415],[29.3521,51.1442],[29.3811,51.1342],[29.4123,51.1163],[29.4226,51.1055],[29.4292,51.092],[29.4621,51.0832],[29.4761,51.0772],[29.4854,51.0695],[29.489,51.0544],[29.4718,51.0349],[29.4646,51.0242],[29.4632,51.0062],[29.4663,50.9834],[29.462,50.9697],[29.4492,50.973],[29.4361,50.9789],[29.3982,50.9794],[29.3976,50.9566],[29.4091,50.9495],[29.4226,50.9451],[29.4781,50.89],[29.5023,50.8726],[29.5076,50.8589],[29.4885,50.7887],[29.4949,50.7783],[29.5361,50.7808],[29.5493,50.7795],[29.5675,50.7721],[29.5751,50.7594],[29.5785,50.7453],[29.5923,50.7111],[29.5847,50.6916],[29.5751,50.6837],[29.5439,50.6724],[29.5279,50.6535],[29.4998,50.6264],[29.4904,50.6152],[29.4808,50.6017],[29.4837,50.5884],[29.5096,50.5744],[29.5085,50.5559],[29.4986,50.5372],[29.477,50.5296],[29.4773,50.515],[29.4935,50.5075],[29.5,50.4966],[29.4899,50.4721],[29.4811,50.4635],[29.4531,50.4644],[29.4429,50.4561],[29.4624,50.4467],[29.4606,50.434],[29.4283,50.4293],[29.4326,50.4143],[29.4449,50.4111],[29.4887,50.4223],[29.5366,50.4242],[29.5551,50.4172],[29.5673,50.4069],[29.5775,50.3959],[29.5877,50.3636],[29.6007,50.3427],[29.6036,50.3269],[29.6133,50.3189],[29.6317,50.3189],[29.6454,50.3134],[29.6598,50.292],[29.6685,50.2816],[29.68,50.275],[29.6949,50.2668],[29.6911,50.2184],[29.6924,50.2028],[29.6911,50.1856],[29.6977,50.173],[29.7192,50.1632],[29.7273,50.1497],[29.7273,50.1363],[29.7341,50.1258],[29.7256,50.1114],[29.7129,50.1041],[29.6794,50.0987],[29.6693,50.0898],[29.6708,50.0738],[29.6845,50.0368],[29.6752,50.0268],[29.6738,50.0122],[29.7335,49.9474],[29.7332,49.9353],[29.7051,49.9129],[29.6711,49.9004],[29.6612,49.8926],[29.6387,49.8687],[29.6254,49.862],[29.6105,49.8585],[29.5943,49.8492],[29.5551,49.8362],[29.5187,49.8185],[29.5001,49.8181],[29.4836,49.8076],[29.4721,49.8027],[29.4598,49.8035],[29.4419,49.7983],[29.4404,49.7822],[29.4486,49.7705],[29.4452,49.7455],[29.4396,49.7332],[29.432,49.7238],[29.4195,49.7124],[29.4326,49.7066],[29.4452,49.7068],[29.4679,49.7095],[29.4815,49.7067],[29.4821,49.6894],[29.4738,49.6757],[29.4585,49.671],[29.4472,49.6508],[29.4223,49.6513],[29.4082,49.6454],[29.3728,49.6228],[29.3538,49.6171],[29.3371,49.6178],[29.2939,49.6147],[29.2818,49.6116],[29.2716,49.6003],[29.2686,49.5862],[29.2389,49.5868],[29.1324,49.582],[29.0608,49.5893],[29.023,49.5873],[29.002,49.5905],[28.9868,49.5958],[28.98,49.6069],[28.9926,49.6172],[28.9957,49.6291],[28.9822,49.6429],[28.9761,49.6575],[28.953,49.6712],[28.9507,49.6853],[29.0042,49.7309],[28.9735,49.7521],[28.9591,49.7647],[28.9423,49.788],[28.9409,49.8045],[28.9364,49.8186],[28.9397,49.8311],[28.9322,49.8406],[28.9153,49.8509],[28.9085,49.8611],[28.905,49.8745],[28.8354,49.8814],[28.8206,49.8702],[28.814,49.8597],[28.8033,49.8523],[28.7704,49.8428],[28.7575,49.8372],[28.739,49.8165],[28.7305,49.8023],[28.7202,49.7939],[28.6346,49.8011],[28.6073,49.7935],[28.5922,49.7896],[28.571,49.7866],[28.5599,49.7928],[28.5285,49.8058],[28.4308,49.8077],[28.4167,49.8041],[28.398,49.7828],[28.3742,49.7733],[28.3534,49.7715],[28.3334,49.7725],[28.2859,49.7866],[28.2674,49.7882],[28.2491,49.7824],[28.1429,49.7783],[28.0581,49.7627],[28.0254,49.7603],[27.9568,49.7672],[27.868,49.76],[27.6607,49.799],[27.6492,49.8095],[27.6423,49.8266],[27.6317,49.8377],[27.6042,49.8608],[27.5974,49.8732],[27.6005,49.8875],[27.5881,49.8979],[27.5512,49.9066],[27.5409,49.9151],[27.544,49.9371],[27.5536,49.9447],[27.5715,49.9458],[27.5802,49.9548],[27.547,49.9978],[27.5977,50.0027],[27.6144,50.0049],[27.6283,50.0143],[27.6402,50.0204],[27.657,50.0225],[27.6637,50.0325],[27.6632,50.0529],[27.6525,50.0629],[27.6334,50.0679],[27.6224,50.0757],[27.6235,50.0885],[27.6331,50.1017],[27.6463,50.1122],[27.6297,50.13],[27.6336,50.1429],[27.6469,50.1486],[27.6497,50.1606],[27.6345,50.1798],[27.6182,50.1914],[27.6078,50.2021],[27.6093,50.2343],[27.6075,50.2493],[27.5925,50.2569],[27.5797,50.2516],[27.572,50.2421],[27.5594,50.2261],[27.5499,50.2184],[27.4996,50.2206],[27.4865,50.2279],[27.4857,50.2405],[27.4765,50.2499],[27.452,50.2555],[27.4373,50.264],[27.4263,50.2746],[27.4103,50.2738],[27.3983,50.2799],[27.4084,50.2928],[27.3945,50.3018],[27.3616,50.3181],[27.3193,50.3341],[27.3082,50.3403],[27.299,50.3491],[27.2952,50.3607],[27.2792,50.3713],[27.2515,50.3745],[27.235,50.3797],[27.2281,50.3907],[27.2484,50.4413],[27.256,50.4509],[27.2666,50.4581],[27.2972,50.4699],[27.2759,50.4844],[27.2604,50.4901],[27.2514,50.5005],[27.2396,50.5137],[27.225,50.5206],[27.2115,50.5326],[27.1923,50.5412],[27.2275,50.5676],[27.2356,50.583],[27.2261,50.5912],[27.2068,50.5979],[27.1969,50.6052],[27.1924,50.6185],[27.202,50.6341],[27.2115,50.6529],[27.2353,50.6727],[27.2435,50.6818],[27.2664,50.7202],[27.2717,50.7374],[27.2635,50.7538],[27.241,50.776],[27.2312,50.7877],[27.2253,50.8014],[27.2232,50.8191],[27.2387,50.8728],[27.2399,50.8904],[27.2223,50.907],[27.2179,50.9189],[27.2328,50.9248],[27.2339,50.9377],[27.2227,50.9456],[27.2183,50.9598],[27.2044,50.9817],[27.1988,50.994],[27.2164,51.0207],[27.2275,51.029],[27.2712,51.036],[27.2945,51.0436],[27.3051,51.0525],[27.3164,51.0707],[27.3347,51.0846],[27.3496,51.0998],[27.3546,51.1293],[27.3582,51.142],[27.369,51.1524],[27.3805,51.1613],[27.3976,51.1922],[27.4073,51.2],[27.4298,51.2083],[27.4408,51.2169],[27.4491,51.2279],[27.4538,51.2403],[27.4519,51.2531],[27.4182,51.2977],[27.4779,51.3153],[27.4968,51.3256],[27.5095,51.3421],[27.509,51.3556],[27.4903,51.3671],[27.4886,51.3882],[27.4989,51.4323],[27.5099,51.4431],[27.5236,51.4387],[27.5361,51.4244],[27.5836,51.3937],[27.6002,51.3918],[27.6021,51.406],[27.5794,51.4237],[27.5757,51.4379],[27.5796,51.4573],[27.5859,51.4723],[27.5986,51.4773],[27.6331,51.4867],[27.6661,51.4902],[27.6838,51.4755],[27.7,51.4675],[27.7142,51.4637],[27.7301,51.4651],[27.7406,51.4714],[27.7873,51.5109],[27.7971,51.5306],[27.7937,51.5523],[27.7932,51.565],[27.7995,51.5852],[27.8125,51.602],[27.8312,51.6129],[27.8542,51.6153],[27.8756,51.608],[27.9361,51.567],[27.9548,51.5608],[27.9731,51.5578],[28.0708,51.5576],[28.0901,51.562],[28.1142,51.5756],[28.1467,51.6144],[28.1662,51.6331],[28.1876,51.6452],[28.21,51.6519],[28.2304,51.6511],[28.2451,51.6406],[28.2484,51.6221],[28.2578,51.6017],[28.2697,51.5942],[28.2985,51.5829],[28.3109,51.5744],[28.3174,51.5639],[28.3282,51.5363],[28.3469,51.5251]]]]}},{"type":"Feature","properties":{"name":"Одеська область","Ukraine":true},"geometry":{"type":"MultiPolygon","coordinates":[[[[29.7813,45.6107],[29.8014,45.6219],[29.8094,45.6317],[29.8276,45.6447],[29.8431,45.6462],[29.8567,45.6491],[29.8727,45.6583],[29.9016,45.6805],[29.9187,45.6906],[30.0757,45.7924],[30.126,45.8115],[29.9081,45.6664],[29.8075,45.6143],[29.731,45.5914],[29.7813,45.6107]]],[[[29.9678,48.2113],[29.9812,48.2169],[29.9967,48.221],[30.0132,48.1993],[30.0278,48.1748],[30.0478,48.1552],[30.0835,48.1437],[30.2931,48.1357],[30.2943,48.118],[30.3119,48.1055],[30.3153,48.093],[30.3017,48.0901],[30.2853,48.0912],[30.2752,48.0841],[30.256,48.0842],[30.2217,48.0741],[30.2105,48.0678],[30.2223,48.0568],[30.2256,48.0345],[30.2169,48.0155],[30.216,47.9987],[30.2265,47.9902],[30.2512,47.9856],[30.263,47.9786],[30.2732,47.9682],[30.2926,47.9532],[30.3221,47.8372],[30.3274,47.8258],[30.3474,47.8105],[30.3843,47.7992],[30.3945,47.7921],[30.3994,47.7767],[30.3936,47.7651],[30.3831,47.7582],[30.3818,47.7426],[30.3953,47.7335],[30.4079,47.7268],[30.4146,47.713],[30.404,47.6946],[30.4035,47.6789],[30.4104,47.6663],[30.4166,47.6529],[30.4303,47.643],[30.4538,47.6349],[30.4678,47.6255],[30.5216,47.6276],[30.5353,47.6237],[30.5497,47.6176],[30.5632,47.6211],[30.5784,47.629],[30.5882,47.6363],[30.6042,47.6356],[30.6169,47.6287],[30.6298,47.6259],[30.6658,47.6256],[30.6794,47.601],[30.69,47.59],[30.7026,47.5897],[30.7105,47.599],[30.7155,47.616],[30.7238,47.625],[30.7798,47.6337],[30.7881,47.6235],[30.7909,47.6061],[30.7876,47.5924],[30.8249,47.5835],[30.8382,47.5746],[30.849,47.561],[30.8634,47.5492],[30.8722,47.5223],[30.8703,47.5088],[30.8576,47.5004],[30.8563,47.4866],[30.8526,47.4672],[30.8461,47.4513],[30.8338,47.4295],[30.8387,47.4127],[30.8855,47.3165],[30.9023,47.2911],[30.9153,47.2767],[30.9702,47.2701],[31.0106,47.2691],[31.029,47.2533],[31.0702,47.2603],[31.1498,47.2723],[31.1676,47.255],[31.172,47.2406],[31.1656,47.2292],[31.1518,47.2192],[31.1392,47.2145],[31.1246,47.2115],[31.116,47.1989],[31.1152,47.1864],[31.1246,47.176],[31.154,47.17],[31.1738,47.1602],[31.1865,47.1581],[31.2039,47.1636],[31.2235,47.1658],[31.2357,47.1489],[31.2545,47.134],[31.2629,47.123],[31.2691,47.1104],[31.2953,47.1055],[31.306,47.0975],[31.2962,47.0735],[31.2962,47.0564],[31.2882,47.0439],[31.2776,47.0358],[31.2677,47.0141],[31.2618,47.0018],[31.2359,46.9915],[31.224,46.9774],[31.1535,46.9718],[31.1395,46.9692],[31.1284,46.9739],[31.1138,46.9754],[31.0963,46.959],[31.0373,46.9531],[31.033,46.9385],[31.0412,46.917],[31.05,46.9044],[31.0986,46.8774],[31.1125,46.8644],[31.1236,46.8466],[31.1439,46.8358],[31.1622,46.8254],[31.1718,46.7366],[31.1777,46.7209],[31.1751,46.7078],[31.1724,46.6844],[31.1879,46.6291],[31.1595,46.629],[31.1082,46.6177],[31.0545,46.6127],[31.013,46.6033],[30.9914,46.6013],[30.9592,46.5834],[30.9391,46.5877],[30.926,46.5843],[30.8669,46.5558],[30.8545,46.5534],[30.8125,46.56],[30.7907,46.5529],[30.7609,46.5244],[30.7583,46.5026],[30.7752,46.4777],[30.7821,46.4572],[30.7935,46.4523],[30.7868,46.4365],[30.7747,46.4006],[30.7313,46.3586],[30.7145,46.348],[30.6606,46.3509],[30.6565,46.339],[30.6794,46.3283],[30.6868,46.309],[30.6535,46.2596],[30.5835,46.1903],[30.5619,46.1617],[30.5477,46.1478],[30.532,46.1419],[30.5034,46.0944],[30.4941,46.0804],[30.3713,45.9979],[30.2614,45.8955],[30.2049,45.8558],[30.1384,45.8198],[30.141,45.8329],[30.1353,45.8891],[30.1183,45.8845],[30.1106,45.8751],[30.1058,45.8635],[30.1023,45.8369],[30.0968,45.8237],[30.0867,45.8135],[30.0724,45.821],[30.0612,45.8134],[30.0146,45.8397],[29.9907,45.847],[29.9685,45.8389],[29.9604,45.8192],[29.9583,45.7946],[29.9529,45.7719],[29.943,45.7835],[29.9324,45.7924],[29.9391,45.8104],[29.9263,45.8138],[29.9187,45.7999],[29.9177,45.7829],[29.9224,45.7694],[29.9302,45.7591],[29.9324,45.7242],[29.9197,45.7405],[29.8982,45.7515],[29.8962,45.7636],[29.8817,45.763],[29.874,45.7515],[29.8508,45.7511],[29.8237,45.7476],[29.8024,45.7375],[29.7957,45.7173],[29.8032,45.7042],[29.8164,45.6977],[29.843,45.6906],[29.8582,45.6799],[29.8425,45.6639],[29.8267,45.6542],[29.8096,45.6486],[29.7891,45.6552],[29.7843,45.6436],[29.7741,45.6296],[29.7459,45.6226],[29.7337,45.6143],[29.735,45.6406],[29.724,45.6674],[29.7052,45.6884],[29.6826,45.6968],[29.6792,45.7515],[29.6858,45.7677],[29.6938,45.7813],[29.6859,45.7924],[29.674,45.8016],[29.6533,45.8138],[29.6428,45.8272],[29.6313,45.8135],[29.6487,45.7936],[29.6479,45.7812],[29.6296,45.7635],[29.6239,45.7515],[29.6227,45.7362],[29.6307,45.7215],[29.6375,45.7099],[29.6032,45.6913],[29.5972,45.6523],[29.5994,45.6044],[29.5897,45.5591],[29.615,45.5501],[29.6291,45.5467],[29.6484,45.5454],[29.6668,45.5482],[29.6812,45.5551],[29.707,45.5733],[29.6945,45.5622],[29.6616,45.5258],[29.6484,45.5181],[29.6317,45.5045],[29.6208,45.4908],[29.6051,45.487],[29.6211,45.4544],[29.6408,45.4418],[29.6556,45.4518],[29.6538,45.464],[29.6724,45.4771],[29.6724,45.4538],[29.6865,45.4536],[29.7021,45.4566],[29.7132,45.4362],[29.7197,45.4514],[29.7245,45.4681],[29.7474,45.4634],[29.7546,45.4472],[29.7559,45.4279],[29.7478,45.4143],[29.7277,45.4156],[29.7419,45.4045],[29.7502,45.3858],[29.7539,45.3641],[29.7562,45.3212],[29.7515,45.3041],[29.7429,45.2905],[29.7297,45.2581],[29.7287,45.2393],[29.7087,45.2233],[29.6924,45.2167],[29.6745,45.2136],[29.6591,45.2159],[29.6665,45.2306],[29.6592,45.2441],[29.6723,45.2729],[29.6671,45.3119],[29.6503,45.3461],[29.6281,45.3608],[29.6163,45.3653],[29.5697,45.3949],[29.4306,45.4304],[29.3537,45.4359],[29.333,45.4421],[29.3128,45.4393],[29.2993,45.4289],[29.2818,45.4223],[29.2608,45.422],[29.2446,45.4242],[29.2282,45.4237],[29.2067,45.4154],[29.1916,45.4062],[29.1794,45.3918],[29.1501,45.3878],[29.1275,45.3745],[29.1103,45.369],[29.0695,45.3608],[29.0181,45.3309],[29.0046,45.326],[28.9824,45.3255],[28.9665,45.3199],[28.9574,45.292],[28.9299,45.2791],[28.91,45.2874],[28.8936,45.2998],[28.8808,45.3062],[28.8581,45.3091],[28.8318,45.3223],[28.8163,45.326],[28.7897,45.3214],[28.7886,45.3071],[28.7901,45.2921],[28.7615,45.2818],[28.7626,45.2651],[28.7743,45.2534],[28.8027,45.2441],[28.7914,45.235],[28.7787,45.2311],[28.7474,45.2305],[28.7101,45.2269],[28.577,45.2481],[28.4942,45.2789],[28.4052,45.295],[28.3702,45.3092],[28.3533,45.3124],[28.3302,45.3229],[28.3108,45.3478],[28.2812,45.4018],[28.2864,45.4217],[28.2669,45.4405],[28.2376,45.4521],[28.2151,45.4503],[28.1995,45.4618],[28.2085,45.4814],[28.2172,45.4931],[28.2704,45.5215],[28.3419,45.5176],[28.4168,45.5038],[28.4809,45.502],[28.502,45.5087],[28.5065,45.5206],[28.5,45.5546],[28.5037,45.5661],[28.5369,45.5798],[28.5231,45.5932],[28.5188,45.607],[28.5169,45.621],[28.5113,45.635],[28.4985,45.6443],[28.4829,45.6507],[28.4809,45.6694],[28.5042,45.6937],[28.5152,45.702],[28.5325,45.7101],[28.5614,45.7166],[28.5635,45.7355],[28.5767,45.7619],[28.6436,45.7665],[28.6697,45.7773],[28.6719,45.7972],[28.6697,45.812],[28.7064,45.8211],[28.7256,45.8288],[28.7383,45.8376],[28.745,45.8505],[28.7464,45.8706],[28.7423,45.8873],[28.7284,45.9219],[28.7292,45.9386],[28.7402,45.9532],[28.7576,45.9612],[28.9319,45.9931],[28.9569,46.0014],[28.9589,46.021],[28.9411,46.0647],[28.9388,46.0893],[28.9464,46.1051],[28.9808,46.1321],[29.0035,46.1589],[29.0154,46.1826],[29.0098,46.2043],[28.9841,46.2212],[28.9508,46.243],[28.9335,46.259],[28.9329,46.2726],[28.9399,46.287],[28.9458,46.305],[28.9449,46.3207],[28.9273,46.368],[28.9192,46.4046],[28.9254,46.4328],[28.9458,46.4548],[29.0203,46.4895],[29.0559,46.4987],[29.0749,46.5037],[29.1627,46.5381],[29.183,46.538],[29.2002,46.524],[29.2068,46.5025],[29.2076,46.4179],[29.1993,46.3965],[29.1903,46.3872],[29.1837,46.3672],[29.2007,46.3571],[29.2229,46.3665],[29.2592,46.3943],[29.2714,46.3974],[29.2901,46.4102],[29.2859,46.4395],[29.2891,46.4516],[29.3067,46.472],[29.3208,46.4687],[29.3442,46.4341],[29.3621,46.4159],[29.3747,46.4162],[29.4182,46.4625],[29.4368,46.4767],[29.4567,46.4843],[29.4809,46.482],[29.4882,46.4694],[29.4809,46.4555],[29.4733,46.4398],[29.4809,46.4251],[29.496,46.4208],[29.5275,46.4166],[29.5414,46.413],[29.5556,46.4042],[29.5694,46.3823],[29.583,46.3696],[29.5986,46.363],[29.6156,46.3618],[29.6321,46.3661],[29.6455,46.3756],[29.6529,46.3919],[29.648,46.4164],[29.6827,46.4229],[29.7029,46.4283],[29.7138,46.4431],[29.7141,46.4712],[29.7269,46.4558],[29.7796,46.4211],[29.8003,46.3983],[29.8067,46.3809],[29.8062,46.3615],[29.8281,46.3394],[29.8478,46.3415],[29.8847,46.3642],[29.9025,46.3712],[29.9187,46.3736],[30.0373,46.3689],[30.0811,46.3742],[30.1072,46.3919],[30.1316,46.4228],[30.1182,46.4287],[30.102,46.4307],[30.0869,46.4289],[30.06,46.4368],[30.0141,46.462],[30.0094,46.4881],[29.9949,46.4985],[29.9771,46.4932],[29.9621,46.5034],[29.9161,46.5188],[29.9019,46.5308],[29.8988,46.5531],[29.9161,46.5544],[29.9381,46.5573],[29.9497,46.5789],[29.9349,46.6088],[29.9319,46.6324],[29.9403,46.6508],[29.9444,46.6625],[29.9526,46.7247],[29.9511,46.7431],[29.9357,46.7651],[29.9305,46.7816],[29.9306,46.8031],[29.9174,46.814],[29.8985,46.8066],[29.8849,46.8127],[29.8769,46.8308],[29.8436,46.8541],[29.8152,46.8566],[29.7858,46.8546],[29.7541,46.858],[29.7358,46.8672],[29.7125,46.8934],[29.6961,46.9047],[29.6808,46.9085],[29.6481,46.9104],[29.6319,46.9144],[29.6076,46.932],[29.5732,46.9337],[29.5587,46.9457],[29.5598,46.9588],[29.565,46.9745],[29.5725,47.0117],[29.5834,47.0228],[29.5954,47.0321],[29.603,47.0457],[29.6021,47.061],[29.5949,47.0746],[29.5834,47.0852],[29.5702,47.0914],[29.5513,47.0902],[29.5397,47.0789],[29.531,47.066],[29.5201,47.0599],[29.4809,47.1052],[29.4809,47.1175],[29.5087,47.1194],[29.5304,47.1237],[29.5448,47.1356],[29.5506,47.1602],[29.5404,47.2125],[29.544,47.2342],[29.5687,47.2431],[29.5802,47.2604],[29.5793,47.2836],[29.5701,47.3068],[29.5566,47.324],[29.5399,47.3342],[29.521,47.3389],[29.5011,47.3398],[29.4809,47.3383],[29.4706,47.3227],[29.4661,47.3074],[29.4592,47.2935],[29.4417,47.2821],[29.4256,47.2787],[29.4095,47.2797],[29.3945,47.2847],[29.3808,47.293],[29.3709,47.3044],[29.3645,47.3224],[29.3641,47.3369],[29.3589,47.3527],[29.3458,47.3658],[29.3304,47.3705],[29.3147,47.3727],[29.3008,47.3782],[29.2927,47.3889],[29.2882,47.4008],[29.2814,47.4115],[29.2507,47.4254],[29.2326,47.4463],[29.2183,47.4516],[29.2019,47.4466],[29.1924,47.4358],[29.1639,47.4394],[29.1556,47.45],[29.14,47.4801],[29.1306,47.4929],[29.1174,47.5333],[29.1305,47.5596],[29.1562,47.5828],[29.1821,47.6132],[29.1924,47.6509],[29.1915,47.6862],[29.1969,47.7175],[29.2267,47.7432],[29.2386,47.756],[29.222,47.7748],[29.1874,47.7832],[29.1777,47.8007],[29.1867,47.8182],[29.1989,47.8295],[29.2174,47.8429],[29.2328,47.8571],[29.236,47.8707],[29.1866,47.8836],[29.1726,47.891],[29.1646,47.9056],[29.1558,47.9398],[29.148,47.9554],[29.1363,47.9682],[29.124,47.976],[29.11,47.9796],[29.0927,47.9802],[29.061,47.9698],[29.0172,47.9311],[28.9808,47.9264],[28.9503,47.9348],[28.9361,47.9421],[28.9148,47.9531],[28.8826,47.9767],[28.8621,48.0005],[28.8798,48.0106],[28.9642,48.0358],[28.9856,48.0455],[28.9971,48.0567],[29.0102,48.0665],[29.0346,48.077],[29.0461,48.0831],[29.0498,48.0966],[29.0424,48.1211],[29.045,48.1344],[29.0782,48.1444],[29.0933,48.1458],[29.1096,48.141],[29.1357,48.1248],[29.149,48.1194],[29.1615,48.1096],[29.2225,48.0918],[29.2408,48.085],[29.3384,48.0862],[29.4347,48.1131],[29.4497,48.1135],[29.4972,48.0928],[29.5104,48.0904],[29.5855,48.0871],[29.6417,48.0909],[29.6561,48.0938],[29.6702,48.0903],[29.6966,48.1255],[29.6954,48.1394],[29.6722,48.16],[29.6666,48.1731],[29.6824,48.1821],[29.6985,48.1796],[29.7172,48.1816],[29.7748,48.2031],[29.8,48.2061],[29.8161,48.2103],[29.8314,48.2081],[29.8486,48.1993],[29.8681,48.1833],[29.8822,48.18],[29.9151,48.2135],[29.9241,48.2215],[29.9484,48.2127],[29.9678,48.2113]]]]}},{"type":"Feature","properties":{"name":"Полтавська область","Ukraine":true},"geometry":{"type":"MultiPolygon","coordinates":[[[[33.7306,50.4617],[33.7478,50.4702],[33.776,50.4744],[33.817,50.4756],[33.8327,50.4787],[33.8066,50.5003],[33.813,50.5119],[33.8645,50.5269],[33.8982,50.5326],[33.9131,50.5303],[33.9247,50.5197],[33.938,50.5098],[33.971,50.4934],[34.0476,50.4709],[34.0598,50.4719],[34.0598,50.4856],[34.0704,50.4947],[34.0875,50.4967],[34.1078,50.4925],[34.118,50.4999],[34.1216,50.5138],[34.1432,50.5171],[34.1559,50.522],[34.186,50.5276],[34.2009,50.5344],[34.2124,50.5424],[34.2458,50.5346],[34.2494,50.5055],[34.2503,50.4554],[34.2545,50.4418],[34.282,50.4147],[34.3161,50.3898],[34.3597,50.3658],[34.3718,50.3554],[34.378,50.3425],[34.3674,50.3252],[34.3622,50.3134],[34.365,50.2836],[34.3732,50.269],[34.3867,50.2627],[34.3975,50.2707],[34.4145,50.2748],[34.4262,50.272],[34.433,50.2559],[34.4465,50.2427],[34.4529,50.2311],[34.4956,50.209],[34.5058,50.1974],[34.5074,50.1828],[34.4995,50.1713],[34.4881,50.1666],[34.4658,50.1649],[34.4562,50.147],[34.4674,50.1303],[34.4716,50.1173],[34.4819,50.108],[34.4961,50.1162],[34.5204,50.1226],[34.5363,50.1244],[34.6337,50.1148],[34.6694,50.1155],[34.6813,50.1216],[34.6882,50.1324],[34.693,50.145],[34.7049,50.1509],[34.7324,50.1401],[34.7451,50.1382],[34.7631,50.144],[34.7871,50.157],[34.8143,50.1595],[34.9082,50.1459],[34.9172,50.1324],[34.9178,50.0773],[34.9158,50.0641],[34.9068,50.05],[34.8621,50.0216],[34.8528,50.0132],[34.8427,50.0019],[34.8567,49.9727],[34.864,49.9423],[34.8739,49.9322],[34.8882,49.9176],[34.9172,49.9091],[34.9357,49.8976],[34.9489,49.8915],[34.9673,49.8887],[35.0086,49.8889],[35.0224,49.8832],[35.0359,49.8713],[35.1029,49.8476],[35.1153,49.8465],[35.1382,49.8535],[35.1541,49.8549],[35.1662,49.8512],[35.183,49.8405],[35.1931,49.8252],[35.1905,49.7897],[35.1913,49.7747],[35.1984,49.7538],[35.206,49.7428],[35.2303,49.7315],[35.237,49.711],[35.2493,49.6993],[35.2769,49.6962],[35.2832,49.6841],[35.3417,49.6694],[35.3545,49.6681],[35.366,49.6735],[35.3727,49.6849],[35.4119,49.6876],[35.4237,49.6838],[35.4282,49.6701],[35.4167,49.6592],[35.4163,49.6438],[35.4642,49.5822],[35.4727,49.5686],[35.4665,49.5572],[35.4456,49.5546],[35.3984,49.5547],[35.392,49.544],[35.416,49.5338],[35.433,49.522],[35.4544,49.5135],[35.4648,49.507],[35.4645,49.4944],[35.4432,49.4925],[35.4288,49.483],[35.3627,49.4907],[35.3422,49.4876],[35.3267,49.4854],[35.3174,49.4769],[35.3137,49.4612],[35.3235,49.4459],[35.3306,49.4347],[35.3431,49.4304],[35.3532,49.423],[35.3492,49.4108],[35.3596,49.4004],[35.3351,49.3698],[35.309,49.342],[35.2791,49.3198],[35.2632,49.3116],[35.2095,49.2943],[35.1885,49.292],[35.0902,49.2972],[35.0733,49.3016],[35.0616,49.3082],[35.0493,49.3183],[35.0334,49.3202],[34.9729,49.2806],[34.9641,49.2715],[34.9538,49.2528],[34.9549,49.2395],[34.9746,49.2169],[34.9833,49.2003],[34.9897,49.1775],[34.9839,49.1637],[34.9543,49.1768],[34.9323,49.1827],[34.92,49.1819],[34.9057,49.1732],[34.8962,49.1549],[34.886,49.146],[34.8674,49.1449],[34.857,49.1529],[34.8682,49.1632],[34.8366,49.1807],[34.8167,49.1753],[34.7841,49.1746],[34.7701,49.1707],[34.752,49.1604],[34.7423,49.152],[34.7265,49.146],[34.645,49.1298],[34.6098,49.1265],[34.4304,49.0746],[34.4135,49.0777],[34.4047,49.0684],[34.4052,49.0535],[34.3901,49.038],[34.3755,49.028],[34.3505,49.0143],[34.3437,49.0027],[34.3629,48.9989],[34.3567,48.9861],[34.3437,48.985],[34.3252,48.9809],[34.3141,48.9749],[34.304,48.9671],[34.2873,48.9364],[34.2777,48.9223],[34.2725,48.9019],[34.2766,48.8884],[34.3057,48.8699],[34.3137,48.8579],[34.3159,48.8396],[34.2986,48.8284],[34.2782,48.8132],[34.2749,48.7987],[34.2886,48.7891],[34.2908,48.7755],[34.2658,48.7594],[34.2375,48.7462],[34.224,48.7475],[34.1926,48.7736],[34.162,48.7844],[34.1097,48.7902],[34.0928,48.7946],[34.0748,48.805],[34.0617,48.8081],[34.0475,48.8065],[33.928,48.86],[33.8997,48.8863],[33.876,48.8974],[33.8593,48.8996],[33.8249,48.9],[33.8074,48.9034],[33.7785,48.9225],[33.7472,48.9188],[33.7299,48.9106],[33.7106,48.9096],[33.6946,48.9058],[33.6852,48.8816],[33.6735,48.869],[33.6655,48.8781],[33.6544,48.8964],[33.6414,48.9064],[33.597,48.9224],[33.5815,48.9214],[33.571,48.9085],[33.5597,48.9035],[33.5427,48.903],[33.5247,48.9157],[33.4812,48.9272],[33.4674,48.936],[33.4564,48.9417],[33.425,48.9509],[33.4106,48.9536],[33.3981,48.9506],[33.3831,48.9396],[33.3708,48.946],[33.3487,48.957],[33.3231,48.9806],[33.3039,48.9913],[33.3135,49.0028],[33.3194,49.0158],[33.338,49.0293],[33.3464,49.0395],[33.3174,49.0486],[33.3051,49.0545],[33.2971,49.0648],[33.2041,49.0709],[33.192,49.078],[33.181,49.0898],[33.174,49.1013],[33.1557,49.1206],[33.142,49.1302],[33.0382,49.1819],[32.7887,49.2618],[32.7926,49.3088],[32.7918,49.3262],[32.7476,49.4061],[32.7039,49.4455],[32.6874,49.4599],[32.6787,49.4709],[32.7154,49.5252],[32.726,49.5324],[32.7477,49.5408],[32.7574,49.5531],[32.7598,49.5706],[32.7521,49.5938],[32.7192,49.6128],[32.7057,49.6271],[32.7007,49.661],[32.693,49.6716],[32.5843,49.6988],[32.5715,49.7059],[32.5696,49.74],[32.5684,49.7572],[32.5297,49.7833],[32.5117,49.7808],[32.4979,49.784],[32.4866,49.7951],[32.4727,49.8046],[32.4586,49.8077],[32.445,49.8038],[32.431,49.8052],[32.4082,49.8223],[32.3727,49.8636],[32.3638,49.8811],[32.3727,49.8894],[32.3918,49.8874],[32.4042,49.8896],[32.4065,49.9164],[32.4152,49.9467],[32.4156,49.9675],[32.3853,49.9847],[32.3744,49.994],[32.3294,50.0518],[32.3041,50.0497],[32.2697,50.0563],[32.255,50.0628],[32.2315,50.1121],[32.2676,50.128],[32.2737,50.1482],[32.2626,50.1606],[32.2505,50.1609],[32.2382,50.1543],[32.2213,50.1472],[32.2094,50.15],[32.1916,50.1665],[32.175,50.1722],[32.1545,50.175],[32.1407,50.1823],[32.1346,50.1946],[32.1249,50.2048],[32.1115,50.2165],[32.1055,50.227],[32.0946,50.2369],[32.0794,50.2372],[32.0957,50.2634],[32.1002,50.2755],[32.0934,50.2855],[32.1143,50.306],[32.1391,50.3501],[32.1992,50.3505],[32.2116,50.3445],[32.2236,50.3432],[32.2433,50.3508],[32.2543,50.3584],[32.274,50.3798],[32.2841,50.3872],[32.3502,50.4079],[32.3759,50.4089],[32.393,50.4008],[32.4026,50.3933],[32.4427,50.4069],[32.4641,50.4083],[32.477,50.4064],[32.4866,50.3955],[32.494,50.3787],[32.5032,50.3702],[32.5263,50.3656],[32.628,50.3627],[32.6666,50.3679],[32.6816,50.3656],[32.7273,50.3579],[32.8121,50.3881],[32.8283,50.3909],[32.8632,50.3928],[32.8784,50.3974],[32.8888,50.4098],[32.8947,50.4208],[32.9059,50.4295],[32.9285,50.4384],[32.9461,50.4419],[32.962,50.4597],[32.9726,50.4684],[32.9847,50.4735],[33.0092,50.48],[33.0238,50.4916],[33.0615,50.5384],[33.0981,50.5245],[33.194,50.5173],[33.206,50.5182],[33.2145,50.5275],[33.2336,50.5403],[33.2609,50.5456],[33.2749,50.5466],[33.2892,50.544],[33.306,50.535],[33.3332,50.5278],[33.6449,50.4854],[33.7206,50.4626],[33.7306,50.4617]]]]}},{"type":"Feature","properties":{"name":"Сумська область","Ukraine":true},"geometry":{"type":"MultiPolygon","coordinates":[[[[34.246,51.8755],[34.2649,51.8812],[34.2946,51.8739],[34.3277,51.8505],[34.3473,51.8417],[34.3711,51.8268],[34.3857,51.8177],[34.4127,51.7777],[34.4142,51.7365],[34.3763,51.7086],[34.3569,51.7055],[34.2982,51.7061],[34.128,51.6807],[34.0891,51.6666],[34.0795,51.6431],[34.0906,51.6332],[34.126,51.627],[34.14,51.6212],[34.1488,51.5932],[34.1603,51.5761],[34.2024,51.5461],[34.2154,51.532],[34.2237,51.5147],[34.2259,51.4929],[34.215,51.4647],[34.2132,51.4448],[34.2196,51.4272],[34.2088,51.4114],[34.187,51.4083],[34.1858,51.3941],[34.196,51.3856],[34.2157,51.3737],[34.2305,51.3676],[34.2473,51.3634],[34.2644,51.3612],[34.2803,51.3612],[34.3001,51.3684],[34.3087,51.3346],[34.2836,51.3012],[34.2439,51.2741],[34.1859,51.2489],[34.2579,51.2296],[34.2817,51.2264],[34.2995,51.2316],[34.3369,51.2511],[34.3718,51.2568],[34.409,51.2531],[34.4804,51.237],[34.5135,51.2296],[34.5782,51.2367],[34.6083,51.234],[34.6224,51.2247],[34.6285,51.2111],[34.6331,51.1956],[34.6428,51.1806],[34.6574,51.1716],[34.6749,51.1677],[34.7481,51.1647],[34.8175,51.1747],[34.8996,51.1964],[34.9461,51.2143],[34.9618,51.2153],[34.9803,51.2095],[34.9994,51.2021],[35.0188,51.2045],[35.0387,51.2101],[35.0594,51.2123],[35.0787,51.2076],[35.0913,51.1977],[35.0992,51.1832],[35.1237,51.0913],[35.1436,51.0585],[35.1725,51.0406],[35.2065,51.0389],[35.2742,51.0488],[35.3087,51.0473],[35.3284,51.0432],[35.3464,51.0366],[35.3551,51.0256],[35.3467,51.0082],[35.3326,50.9999],[35.2781,50.9926],[35.2822,50.9611],[35.2848,50.9443],[35.3171,50.9342],[35.3291,50.9291],[35.3417,50.9158],[35.3404,50.8918],[35.3414,50.8765],[35.3485,50.8638],[35.369,50.846],[35.3777,50.8337],[35.3797,50.8196],[35.3774,50.8075],[35.3931,50.7884],[35.4182,50.7789],[35.4294,50.7721],[35.4385,50.7624],[35.4471,50.7343],[35.4438,50.7094],[35.4454,50.6875],[35.4689,50.6685],[35.3915,50.6464],[35.3762,50.6346],[35.3777,50.6218],[35.4252,50.5005],[35.4464,50.476],[35.4801,50.4669],[35.5019,50.4643],[35.5227,50.4595],[35.5408,50.45],[35.5546,50.4332],[35.5623,50.4096],[35.5638,50.3918],[35.5701,50.3764],[35.5922,50.3605],[35.6114,50.3517],[35.6315,50.345],[35.6521,50.3411],[35.6732,50.3402],[35.6922,50.3441],[35.687,50.3304],[35.6774,50.3217],[35.6625,50.3187],[35.6462,50.3183],[35.6273,50.3199],[35.5955,50.3259],[35.5776,50.3239],[35.5618,50.3189],[35.5325,50.3173],[35.5006,50.3214],[35.5056,50.3064],[35.4938,50.3021],[35.426,50.3296],[35.4089,50.3336],[35.3932,50.3296],[35.3909,50.3038],[35.3804,50.2922],[35.3664,50.2945],[35.3417,50.3038],[35.3292,50.3046],[35.3083,50.2941],[35.3115,50.2809],[35.2984,50.2737],[35.269,50.2783],[35.2525,50.2689],[35.2538,50.251],[35.2498,50.2385],[35.206,50.2317],[35.1868,50.2338],[35.1611,50.2426],[35.1484,50.2444],[35.1354,50.245],[35.1203,50.2397],[35.1091,50.2307],[35.1005,50.2194],[35.093,50.2085],[35.0672,50.215],[35.0513,50.2095],[35.0376,50.1985],[35.0359,50.185],[35.0303,50.1718],[35.0159,50.1721],[34.992,50.1826],[34.9824,50.1899],[34.9701,50.1894],[34.9614,50.1761],[34.9509,50.1621],[34.9082,50.1459],[34.8143,50.1595],[34.7871,50.157],[34.7631,50.144],[34.7451,50.1382],[34.7324,50.1401],[34.7166,50.1481],[34.697,50.1484],[34.6882,50.1324],[34.6813,50.1216],[34.6694,50.1155],[34.6337,50.1148],[34.5363,50.1244],[34.5204,50.1226],[34.5018,50.1187],[34.4819,50.108],[34.4716,50.1173],[34.4674,50.1303],[34.4569,50.1422],[34.4595,50.1596],[34.4881,50.1666],[34.4995,50.1713],[34.5074,50.1828],[34.5058,50.1974],[34.4956,50.209],[34.4587,50.2256],[34.45,50.236],[34.4365,50.2486],[34.4321,50.2632],[34.4213,50.274],[34.4031,50.2735],[34.391,50.264],[34.3732,50.269],[34.365,50.2836],[34.362,50.3094],[34.3674,50.3252],[34.3756,50.3351],[34.3758,50.3493],[34.3662,50.3608],[34.3161,50.3898],[34.282,50.4147],[34.2585,50.4357],[34.2517,50.4484],[34.2494,50.5055],[34.2527,50.526],[34.2124,50.5424],[34.2009,50.5344],[34.186,50.5276],[34.1649,50.5253],[34.1494,50.5188],[34.1216,50.5138],[34.118,50.5007],[34.1078,50.4925],[34.0875,50.4967],[34.0704,50.4947],[34.0598,50.4856],[34.0598,50.4719],[34.0476,50.4709],[33.971,50.4934],[33.938,50.5098],[33.9247,50.5197],[33.9131,50.5303],[33.8982,50.5326],[33.8645,50.5269],[33.813,50.5119],[33.8048,50.5021],[33.8376,50.4881],[33.817,50.4756],[33.776,50.4744],[33.7478,50.4702],[33.7381,50.4624],[33.7206,50.4626],[33.6449,50.4854],[33.3401,50.5252],[33.306,50.535],[33.2924,50.5416],[33.2749,50.5466],[33.2609,50.5456],[33.2336,50.5403],[33.2163,50.5313],[33.2094,50.5208],[33.194,50.5173],[33.0981,50.5245],[33.0615,50.5384],[33.0955,50.6019],[33.1047,50.6252],[33.1065,50.6376],[33.1023,50.6538],[33.1065,50.6667],[33.1241,50.6755],[33.1285,50.6993],[33.1349,50.7165],[33.1479,50.7244],[33.1644,50.7364],[33.167,50.7491],[33.1507,50.7591],[33.138,50.7652],[33.1285,50.7728],[33.123,50.7846],[33.1225,50.8134],[33.1475,50.8812],[33.158,50.8912],[33.1707,50.8959],[33.1793,50.9044],[33.1839,50.9175],[33.1835,50.9515],[33.185,50.9675],[33.1617,50.9821],[33.1549,50.9937],[33.1731,51.0117],[33.1838,51.0186],[33.1988,51.0363],[33.2069,51.0483],[33.1908,51.0581],[33.1785,51.0603],[33.1495,51.0302],[33.1361,51.0249],[33.0838,51.0324],[33.0629,51.0389],[33.0486,51.0457],[33.0594,51.0618],[33.0651,51.0736],[33.0537,51.0783],[33.0332,51.0747],[33.0211,51.076],[32.983,51.0874],[32.9445,51.0948],[32.9648,51.1292],[32.9695,51.1443],[32.962,51.1586],[32.9616,51.1721],[33.0188,51.1925],[33.0308,51.2059],[33.0294,51.2236],[33.0615,51.2426],[33.0708,51.2524],[33.0641,51.269],[33.0706,51.2811],[33.0581,51.2983],[33.0494,51.3073],[33.0556,51.3268],[33.0527,51.3387],[33.0328,51.3416],[33.0196,51.3482],[33.0066,51.3662],[33.0004,51.3785],[33.0085,51.391],[33.021,51.3968],[33.0356,51.3928],[33.0458,51.3766],[33.0558,51.3693],[33.08,51.3666],[33.1013,51.3694],[33.1152,51.3745],[33.123,51.3842],[33.1195,51.4034],[33.1267,51.4156],[33.1227,51.4283],[33.1129,51.44],[33.1082,51.4557],[33.1116,51.4676],[33.1261,51.4743],[33.1309,51.4878],[33.1217,51.5081],[33.1557,51.5005],[33.1687,51.4995],[33.1841,51.512],[33.1793,51.5241],[33.1594,51.5353],[33.1526,51.5462],[33.151,51.5593],[33.1745,51.5718],[33.1753,51.5847],[33.1623,51.5945],[33.158,51.6346],[33.1484,51.6429],[33.1377,51.6489],[33.1369,51.6685],[33.1527,51.6819],[33.0987,51.7272],[33.0851,51.7412],[33.0735,51.7645],[33.062,51.7929],[33.0722,51.8165],[33.0889,51.8357],[33.1021,51.8436],[33.1215,51.8508],[33.131,51.8662],[33.1425,51.8806],[33.1677,51.8846],[33.1607,51.9042],[33.1802,51.9078],[33.2251,51.9057],[33.2366,51.91],[33.2722,51.9287],[33.2868,51.933],[33.3102,51.9349],[33.3662,51.9467],[33.377,51.9585],[33.3596,51.9859],[33.3656,51.999],[33.3729,52.0098],[33.3734,52.047],[33.3838,52.0581],[33.3956,52.0504],[33.4072,52.0444],[33.4201,52.0437],[33.4435,52.0454],[33.4649,52.0491],[33.4764,52.0562],[33.4831,52.0666],[33.487,52.0785],[33.4494,52.0875],[33.4379,52.0942],[33.4196,52.11],[33.4015,52.126],[33.3787,52.14],[33.3304,52.1512],[33.3235,52.1623],[33.3178,52.2098],[33.3231,52.2216],[33.3492,52.2383],[33.3594,52.2483],[33.3642,52.2742],[33.3712,52.2887],[33.3841,52.3004],[33.3895,52.3227],[33.3972,52.3396],[33.4193,52.3383],[33.4373,52.3391],[33.4518,52.3452],[33.4653,52.3527],[33.4805,52.3578],[33.4994,52.341],[33.493,52.3031],[33.5101,52.2875],[33.5317,52.2888],[33.6002,52.3308],[33.6879,52.3558],[33.7336,52.361],[33.7789,52.36],[33.804,52.3546],[33.8152,52.3451],[33.8234,52.3315],[33.8391,52.3139],[33.8587,52.3022],[33.9007,52.2858],[33.9195,52.2697],[33.9444,52.2358],[33.9577,52.2247],[34.0219,52.1979],[34.0389,52.1865],[34.0557,52.1703],[34.0653,52.1586],[34.0736,52.1396],[34.0566,52.1058],[34.0601,52.0832],[34.0625,52.0502],[34.0682,52.031],[34.0803,52.0136],[34.1011,51.9925],[34.1044,51.9753],[34.0966,51.9606],[34.1461,51.9516],[34.1664,51.9422],[34.2034,51.9123],[34.2226,51.9031],[34.2346,51.8807],[34.246,51.8755]]]]}},{"type":"Feature","properties":{"name":"Херсонська область","Ukraine":true},"geometry":{"type":"MultiPolygon","coordinates":[[[[32.9136,46.0388],[32.9548,46.0517],[32.9787,46.0533],[32.9893,46.0426],[32.9994,46.0353],[33.0451,46.0379],[33.0575,46.0252],[33.04,46.0121],[32.6194,46.06],[32.6313,46.0662],[32.7832,46.0463],[32.8521,46.0563],[32.8817,46.0554],[32.9136,46.0388]]],[[[35.0171,46.1128],[35.0519,46.1282],[35.0444,46.1419],[35.1489,46.1641],[35.2004,46.183],[35.2279,46.2217],[35.2518,46.2402],[35.2622,46.2573],[35.2795,46.2551],[35.2635,46.2422],[35.2095,46.1699],[35.1847,46.1455],[35.1618,46.1282],[35.1211,46.1185],[35.0965,46.1042],[35.0623,46.0986],[35.0386,46.0861],[35,46.0736],[34.9821,46.0778],[35.0171,46.1128]]],[[[31.7372,46.2208],[31.5803,46.2628],[31.549,46.2824],[31.522,46.3132],[31.514,46.3294],[31.5051,46.3549],[31.5044,46.3734],[31.522,46.3685],[31.5384,46.3258],[31.5544,46.2963],[31.578,46.2756],[31.6182,46.2592],[31.9403,46.2046],[32.0708,46.1824],[32.1531,46.156],[32.1663,46.1494],[32.1439,46.1526],[32.1018,46.1667],[31.7372,46.2208]]],[[[33.3551,47.4993],[33.3621,47.5125],[33.4767,47.5299],[33.489,47.535],[33.4936,47.5483],[33.4921,47.5619],[33.5033,47.5671],[33.5629,47.5753],[33.5754,47.5728],[33.5869,47.5637],[33.5787,47.5446],[33.579,47.5276],[33.5844,47.5147],[33.617,47.5123],[33.6302,47.5076],[33.6403,47.4913],[33.6544,47.4868],[33.7525,47.491],[33.8797,47.5137],[33.9018,47.5144],[34.0582,47.4807],[34.1575,47.4739],[34.2037,47.4784],[34.2304,47.4315],[34.2805,47.3188],[34.2903,47.3021],[34.294,47.2787],[34.3047,47.2698],[34.3244,47.2725],[34.3359,47.2782],[34.3536,47.2808],[34.3735,47.2744],[34.3891,47.2735],[34.4009,47.2848],[34.4095,47.2934],[34.414,47.3047],[34.4286,47.3129],[34.4964,47.3176],[34.5083,47.3111],[34.4861,47.2987],[34.4778,47.29],[34.4751,47.2775],[34.4792,47.2657],[34.5007,47.2537],[34.5044,47.2386],[34.4951,47.2287],[34.4922,47.2152],[34.5004,47.1878],[34.4974,47.1599],[34.4991,47.1414],[34.5032,47.1279],[34.5096,47.1133],[34.5318,47.1064],[34.5565,47.0524],[34.558,47.0185],[34.5659,47.0052],[34.5879,47.0005],[34.5978,46.9898],[34.6037,46.9655],[34.6149,46.9567],[34.6396,46.9531],[34.6604,46.943],[34.7178,46.9285],[34.7291,46.9174],[34.74,46.8854],[34.7538,46.8746],[34.7713,46.8725],[34.7844,46.8672],[34.7918,46.8549],[34.7965,46.8395],[34.7943,46.8269],[34.764,46.8173],[34.7504,46.814],[34.744,46.7818],[34.7339,46.7693],[34.7235,46.7506],[34.7141,46.7429],[34.6979,46.7363],[34.6897,46.7272],[34.6787,46.7211],[34.6464,46.7199],[34.6332,46.7158],[34.6273,46.7035],[34.6312,46.689],[34.6455,46.6831],[34.6612,46.6856],[34.684,46.6753],[34.6984,46.6712],[34.7217,46.669],[34.7327,46.6623],[34.7426,46.6439],[34.7444,46.6299],[34.73,46.6158],[34.7227,46.6063],[34.7253,46.5927],[34.7537,46.5604],[34.7622,46.5472],[34.7763,46.5437],[34.8106,46.5447],[34.8576,46.5417],[34.8665,46.5306],[34.8578,46.5216],[34.8531,46.5023],[34.8714,46.4977],[34.9182,46.5008],[34.9465,46.486],[34.9601,46.4805],[34.9841,46.472],[35.0233,46.469],[35.0353,46.4564],[35.0601,46.3844],[35.0547,46.3631],[35.0533,46.3479],[35.059,46.3278],[35.0596,46.306],[35.105,46.295],[35.075,46.2711],[35.0308,46.2518],[34.936,46.2354],[34.9141,46.2381],[34.9072,46.2516],[34.8936,46.2518],[34.8854,46.2314],[34.8389,46.2076],[34.8176,46.1862],[34.8113,46.1662],[34.8191,46.1419],[34.8242,46.0779],[34.8289,46.0634],[34.8385,46.0475],[34.8744,45.9261],[34.8835,45.9128],[34.8952,45.901],[34.905,45.8886],[34.9582,45.7895],[34.9776,45.7629],[34.9597,45.7565],[34.9451,45.7639],[34.9194,45.7746],[34.8646,45.7941],[34.799,45.8105],[34.8023,45.9006],[34.7544,45.9088],[34.7257,45.9283],[34.689,45.9546],[34.6742,45.9654],[34.6535,45.9763],[34.6337,45.9847],[34.6037,45.9941],[34.5877,45.9955],[34.5633,45.994],[34.5529,45.9877],[34.523,45.9553],[34.5096,45.9467],[34.4955,45.9422],[34.4687,45.9464],[34.442,45.9625],[34.4238,45.9784],[34.4131,45.9893],[34.4088,46.0058],[34.347,46.0556],[34.3306,46.0608],[34.2488,46.053],[34.1829,46.067],[34.1548,46.0811],[34.1445,46.0875],[34.1249,46.1056],[34.0895,46.1149],[34.0727,46.1173],[34.0538,46.1087],[34.0013,46.1251],[33.9883,46.1342],[33.9127,46.1606],[33.8712,46.1898],[33.8499,46.1988],[33.7991,46.2043],[33.7562,46.191],[33.7394,46.1853],[33.7006,46.2029],[33.6872,46.2055],[33.6642,46.2226],[33.647,46.2302],[33.614,46.2262],[33.6369,46.1411],[33.6204,46.1363],[33.5965,46.1557],[33.5715,46.1494],[33.5498,46.1364],[33.5325,46.1215],[33.5313,46.1069],[33.5579,46.0947],[33.5313,46.0859],[33.5056,46.0803],[33.4958,46.0678],[33.5163,46.0463],[33.4855,46.0532],[33.4238,46.0533],[33.3843,46.0876],[33.3578,46.1038],[33.3311,46.1075],[33.3108,46.0873],[33.2964,46.0936],[33.3069,46.1061],[33.3177,46.1197],[33.2935,46.1357],[33.2146,46.1282],[33.2218,46.1415],[33.2253,46.1541],[33.2351,46.2238],[33.2119,46.2063],[33.195,46.1787],[33.175,46.1531],[33.1432,46.1419],[33.1229,46.1359],[33.1033,46.1384],[33.0818,46.1494],[33.0234,46.1699],[33.0325,46.141],[33.0182,46.1277],[32.9131,46.1152],[32.8993,46.1152],[32.8827,46.1207],[32.8532,46.1203],[32.7898,46.1343],[32.7663,46.1357],[32.7513,46.133],[32.714,46.1201],[32.5882,46.1044],[32.5675,46.0966],[32.551,46.0843],[32.5034,46.0761],[32.3025,46.1167],[32.2805,46.1276],[32.2677,46.1266],[32.2573,46.145],[32.2517,46.1569],[32.2474,46.1707],[32.2609,46.1886],[32.2693,46.2046],[32.2393,46.1953],[32.2131,46.1931],[32.1873,46.1967],[32.1426,46.208],[32.1287,46.2097],[32.1154,46.2145],[32.0779,46.2495],[32.0501,46.2661],[32.0181,46.2575],[31.9684,46.2757],[31.8857,46.32],[31.8879,46.2951],[31.8823,46.2791],[31.8192,46.2806],[31.8011,46.285],[31.7859,46.2924],[31.7725,46.3027],[31.7673,46.3182],[31.78,46.3318],[31.7998,46.3422],[31.8167,46.348],[31.8374,46.3495],[31.8926,46.3411],[31.9683,46.351],[32.0296,46.389],[32.0417,46.3908],[32.0552,46.3906],[32.0536,46.406],[32.0078,46.4489],[31.9917,46.4536],[31.9546,46.451],[31.9106,46.4559],[31.8163,46.483],[31.8517,46.5219],[31.9471,46.5193],[32.0334,46.5063],[32.0912,46.5128],[32.1117,46.5124],[32.2215,46.4954],[32.2761,46.4709],[32.3175,46.4643],[32.361,46.4669],[32.3997,46.4783],[32.427,46.4988],[32.4084,46.5173],[32.4357,46.5432],[32.5057,46.5841],[32.5247,46.5927],[32.571,46.5964],[32.5884,46.6043],[32.6038,46.6157],[32.6194,46.6235],[32.6338,46.6331],[32.6455,46.6496],[32.6218,46.6418],[32.5946,46.6283],[32.5674,46.6185],[32.5437,46.6217],[32.409,46.5689],[32.3358,46.5621],[32.2693,46.5876],[32.2538,46.6047],[32.2368,46.6044],[32.2201,46.5907],[32.1997,46.5865],[32.1802,46.5818],[32.1463,46.5602],[32.1321,46.5703],[32.1179,46.6069],[32.1011,46.6149],[32.0396,46.6235],[32.0228,46.6291],[32.0089,46.6398],[31.9929,46.6574],[31.9798,46.6771],[31.9745,46.694],[31.9707,46.7129],[31.9664,46.727],[32.0167,46.7262],[32.0321,46.7297],[32.0574,46.7439],[32.072,46.7468],[32.0995,46.7382],[32.1122,46.7352],[32.1546,46.7417],[32.1716,46.7467],[32.1854,46.7558],[32.1979,46.7716],[32.2078,46.7903],[32.2227,46.805],[32.2349,46.8093],[32.2482,46.8109],[32.3174,46.7962],[32.3432,46.7946],[32.3564,46.7981],[32.3702,46.8259],[32.3818,46.8365],[32.4228,46.8458],[32.4442,46.8471],[32.4572,46.8426],[32.4697,46.8313],[32.5148,46.8317],[32.5279,46.8358],[32.5362,46.8487],[32.5367,46.8683],[32.5474,46.8742],[32.558,46.868],[32.5713,46.8658],[32.5826,46.8616],[32.6321,46.8608],[32.6439,46.8573],[32.6751,46.8484],[32.6858,46.8416],[32.6954,46.8304],[32.7086,46.8237],[32.7729,46.8284],[32.8221,46.8269],[32.8361,46.8318],[32.9141,46.8507],[32.9315,46.8569],[32.9195,46.8651],[32.9038,46.8701],[32.8499,46.8666],[32.8264,46.868],[32.8148,46.871],[32.807,46.8822],[32.9139,46.9],[32.9461,46.9196],[32.9589,46.925],[32.9996,46.9325],[33.0151,46.94],[33.0055,46.9502],[32.9659,46.951],[32.9543,46.956],[32.95,46.9697],[32.9512,46.9857],[32.9655,46.9974],[32.9807,46.9961],[32.9919,46.9858],[33.025,46.9699],[33.0287,46.9826],[33.0494,46.9998],[33.058,47.0086],[33.0594,47.0215],[33.0135,47.0511],[32.956,47.075],[32.9302,47.0748],[32.9187,47.0891],[32.915,47.1035],[32.9363,47.1269],[32.962,47.1644],[32.9712,47.1812],[32.9847,47.187],[32.9954,47.1775],[33.0213,47.1762],[33.0359,47.1779],[33.0486,47.1826],[33.0779,47.2062],[33.0896,47.2099],[33.1071,47.2038],[33.1206,47.2024],[33.1285,47.2122],[33.1361,47.2243],[33.1135,47.2568],[33.1062,47.2689],[33.1062,47.2883],[33.1112,47.3004],[33.1211,47.3193],[33.1245,47.3309],[33.122,47.3461],[33.0993,47.3824],[33.0874,47.3874],[33.0536,47.3876],[33.0387,47.392],[33.0281,47.4029],[33.0314,47.417],[33.0472,47.4313],[33.0528,47.445],[33.0645,47.4489],[33.0745,47.4336],[33.08,47.4207],[33.0902,47.414],[33.1151,47.4145],[33.1282,47.419],[33.1253,47.4358],[33.12,47.4489],[33.1231,47.4613],[33.1253,47.4738],[33.1202,47.4873],[33.1129,47.4982],[33.1165,47.5166],[33.1157,47.5297],[33.0948,47.5427],[33.0874,47.5549],[33.0874,47.5742],[33.1654,47.5685],[33.1847,47.5577],[33.2671,47.5433],[33.2834,47.5393],[33.2966,47.5294],[33.302,47.5165],[33.3132,47.506],[33.3335,47.4957],[33.3458,47.4953],[33.3551,47.4993]]]]}},{"type":"Feature","properties":{"name":"Вінницька область","Ukraine":true},"geometry":{"type":"MultiPolygon","coordinates":[[[[29.023,49.5873],[29.0608,49.5893],[29.1324,49.582],[29.2389,49.5868],[29.2589,49.5845],[29.2706,49.5913],[29.2727,49.6043],[29.2939,49.6147],[29.3371,49.6178],[29.3538,49.6171],[29.3728,49.6228],[29.4052,49.6427],[29.4223,49.6513],[29.4472,49.6508],[29.4963,49.6461],[29.5107,49.6403],[29.5136,49.6259],[29.4989,49.6038],[29.4949,49.5923],[29.4963,49.5728],[29.5104,49.5557],[29.5218,49.5489],[29.562,49.5357],[29.5675,49.5206],[29.5662,49.5084],[29.5544,49.5003],[29.5416,49.4948],[29.5431,49.4819],[29.5662,49.4509],[29.5698,49.4306],[29.5672,49.418],[29.5111,49.3912],[29.5015,49.3821],[29.4994,49.3681],[29.5156,49.3463],[29.522,49.3342],[29.5255,49.3218],[29.5467,49.3125],[29.5847,49.3076],[29.5977,49.2996],[29.6114,49.28],[29.6297,49.2621],[29.6386,49.2475],[29.6617,49.243],[29.6769,49.2444],[29.6972,49.2273],[29.6745,49.2097],[29.6938,49.1955],[29.7106,49.1827],[29.7044,49.1672],[29.7027,49.1521],[29.7087,49.1363],[29.6854,49.122],[29.6749,49.1146],[29.6758,49.0933],[29.6519,49.0799],[29.6178,49.0667],[29.5981,49.0511],[29.5928,49.0388],[29.597,49.0233],[29.6122,49.0146],[29.6488,49.0127],[29.664,49.0085],[29.6722,48.9987],[29.6727,48.9835],[29.6576,48.9785],[29.6459,48.9603],[29.6353,48.95],[29.6573,48.9376],[29.6683,48.9308],[29.6927,48.9279],[29.7068,48.923],[29.7161,48.9144],[29.7224,48.902],[29.7079,48.8873],[29.7006,48.8754],[29.7064,48.8628],[29.7163,48.8545],[29.7402,48.8501],[29.7498,48.8398],[29.7675,48.7777],[29.7777,48.7679],[29.8131,48.7648],[29.84,48.7661],[29.8529,48.762],[29.8678,48.75],[29.8794,48.7455],[29.8881,48.7365],[29.8647,48.7256],[29.8561,48.7079],[29.865,48.6931],[29.905,48.6733],[29.9487,48.6613],[29.9591,48.6515],[29.9593,48.6227],[29.9636,48.6098],[29.9722,48.5977],[29.9823,48.5866],[30.0006,48.571],[30.015,48.5515],[30.0213,48.5378],[30.02,48.5254],[30.0122,48.5154],[30.0006,48.5096],[29.9911,48.5001],[29.9826,48.4892],[29.9613,48.4762],[29.9563,48.4632],[29.9731,48.4578],[30.0213,48.4716],[30.0369,48.4738],[30.0522,48.4706],[30.0761,48.4551],[30.0518,48.4335],[30.0388,48.4277],[30.0046,48.4243],[29.9939,48.4189],[29.9799,48.4022],[29.9582,48.3836],[29.9473,48.3773],[29.9351,48.381],[29.9269,48.4011],[29.9176,48.4125],[29.917,48.4283],[29.8975,48.4341],[29.8834,48.4326],[29.8651,48.4222],[29.8468,48.4059],[29.8198,48.3817],[29.7883,48.3613],[29.7793,48.3531],[29.7782,48.3379],[29.7767,48.3211],[29.7673,48.3022],[29.7422,48.2764],[29.7453,48.2625],[29.7745,48.2567],[29.7858,48.2517],[29.7844,48.2383],[29.7839,48.2244],[29.7753,48.2146],[29.7172,48.1816],[29.6985,48.1796],[29.6824,48.1821],[29.6711,48.1774],[29.6674,48.1657],[29.6929,48.1422],[29.6966,48.1255],[29.6798,48.0922],[29.6609,48.0933],[29.6417,48.0909],[29.5855,48.0871],[29.5104,48.0904],[29.4972,48.0928],[29.4584,48.1089],[29.4347,48.1131],[29.3384,48.0862],[29.2463,48.0845],[29.2225,48.0918],[29.1699,48.1057],[29.1527,48.1172],[29.1357,48.1248],[29.117,48.1357],[29.104,48.1436],[29.0862,48.1457],[29.0494,48.1364],[29.0424,48.1211],[29.0498,48.0966],[29.0461,48.0831],[29.0346,48.077],[29.0177,48.0706],[28.9971,48.0567],[28.9856,48.0455],[28.9642,48.0358],[28.8798,48.0106],[28.8621,48.0005],[28.8392,48.0183],[28.8308,48.0309],[28.8276,48.057],[28.8115,48.0829],[28.8083,48.0966],[28.7992,48.1118],[28.7712,48.1245],[28.7351,48.1287],[28.6656,48.1293],[28.5736,48.155],[28.5416,48.1559],[28.5193,48.1491],[28.5011,48.1129],[28.4942,48.0918],[28.4937,48.0748],[28.4796,48.0649],[28.4594,48.0744],[28.4474,48.0827],[28.419,48.1222],[28.4357,48.1347],[28.4369,48.1498],[28.4273,48.1634],[28.4116,48.1707],[28.3886,48.1686],[28.3755,48.1566],[28.365,48.1415],[28.3496,48.1297],[28.3286,48.127],[28.3174,48.1353],[28.3156,48.1493],[28.3222,48.1632],[28.3379,48.1755],[28.3522,48.1819],[28.3634,48.191],[28.37,48.2116],[28.3682,48.2306],[28.3577,48.2386],[28.3406,48.2401],[28.2945,48.2365],[28.2775,48.2291],[28.2617,48.2199],[28.2403,48.2116],[28.2169,48.2081],[28.1999,48.2117],[28.1894,48.223],[28.1857,48.2424],[28.1785,48.2589],[28.1621,48.2572],[28.1311,48.2396],[28.1156,48.2367],[28.0932,48.2374],[28.0787,48.2449],[28.0983,48.2841],[28.0928,48.3021],[28.0764,48.3149],[28.0559,48.3215],[28.0032,48.3259],[27.9671,48.3289],[27.9264,48.3394],[27.9045,48.3625],[27.8854,48.3784],[27.8648,48.3989],[27.8499,48.4096],[27.7852,48.4416],[27.7518,48.452],[27.627,48.4512],[27.6069,48.4578],[27.6048,48.4841],[27.583,48.486],[27.5571,48.4743],[27.5452,48.4724],[27.5039,48.4724],[27.4944,48.4822],[27.4728,48.5471],[27.4584,48.5773],[27.4382,48.6025],[27.4097,48.6207],[27.3704,48.6297],[27.3932,48.6837],[27.3993,48.7085],[27.4018,48.7316],[27.3967,48.7515],[27.3987,48.7645],[27.414,48.7655],[27.4252,48.7701],[27.4194,48.7824],[27.408,48.8012],[27.4032,48.8152],[27.3999,48.8688],[27.394,48.8903],[27.3866,48.907],[27.3774,48.9195],[27.3719,48.935],[27.386,48.9451],[27.3967,48.9527],[27.3901,48.969],[27.3802,48.9868],[27.3875,49],[27.3919,49.013],[27.4024,49.0221],[27.416,49.0305],[27.4277,49.0366],[27.4357,49.0471],[27.442,49.0614],[27.4646,49.071],[27.4722,49.0808],[27.4769,49.0983],[27.4893,49.1177],[27.5005,49.1261],[27.5248,49.1265],[27.5683,49.122],[27.5814,49.1266],[27.6014,49.1523],[27.6157,49.1599],[27.6398,49.1564],[27.655,49.1518],[27.6714,49.1436],[27.6863,49.1387],[27.7048,49.1367],[27.7354,49.1236],[27.7554,49.1175],[27.7726,49.1164],[27.8019,49.137],[27.8339,49.1485],[27.8651,49.1502],[27.8835,49.155],[27.8843,49.1723],[27.8806,49.1868],[27.8801,49.2031],[27.8733,49.216],[27.8615,49.2263],[27.8553,49.2416],[27.8604,49.255],[27.8739,49.2679],[27.8755,49.28],[27.8583,49.2957],[27.8518,49.309],[27.8536,49.3235],[27.8442,49.335],[27.8272,49.3378],[27.8159,49.3475],[27.8126,49.3625],[27.8049,49.3726],[27.8061,49.385],[27.8381,49.3939],[27.8395,49.4163],[27.8302,49.4281],[27.7645,49.4302],[27.7521,49.4321],[27.74,49.4402],[27.7419,49.455],[27.7582,49.4637],[27.7293,49.4886],[27.7243,49.4999],[27.7258,49.5145],[27.7321,49.5262],[27.7475,49.5284],[27.7616,49.5239],[27.7748,49.5271],[27.7843,49.5361],[27.783,49.5489],[27.7724,49.556],[27.7695,49.5696],[27.7791,49.5776],[27.8092,49.618],[27.8156,49.6309],[27.8077,49.6471],[27.7934,49.6562],[27.7594,49.6678],[27.7496,49.6791],[27.7622,49.6998],[27.7745,49.7045],[27.7987,49.7012],[27.8143,49.704],[27.8306,49.7154],[27.8344,49.7288],[27.8159,49.7365],[27.8364,49.7424],[27.8501,49.7451],[27.868,49.76],[27.9568,49.7672],[28.0254,49.7603],[28.0581,49.7627],[28.1429,49.7783],[28.2391,49.7802],[28.2674,49.7882],[28.2859,49.7866],[28.3334,49.7725],[28.3534,49.7715],[28.3742,49.7733],[28.3905,49.7771],[28.4167,49.8041],[28.4308,49.8077],[28.519,49.8073],[28.554,49.7962],[28.5663,49.788],[28.5922,49.7896],[28.6073,49.7935],[28.6249,49.8],[28.7105,49.7935],[28.7229,49.7952],[28.739,49.8165],[28.751,49.8321],[28.7704,49.8428],[28.7945,49.849],[28.811,49.8568],[28.8206,49.8702],[28.8282,49.8806],[28.8991,49.8759],[28.9113,49.8683],[28.9153,49.8509],[28.9322,49.8406],[28.9397,49.8311],[28.9364,49.8186],[28.9409,49.8045],[28.9414,49.7899],[28.9591,49.7647],[28.9702,49.7542],[29.002,49.7383],[28.9561,49.6913],[28.9486,49.6818],[28.9718,49.6621],[28.9792,49.6494],[28.9957,49.6291],[28.9926,49.6172],[28.9828,49.6096],[28.9868,49.5958],[29.002,49.5905],[29.023,49.5873]]]]}},{"type":"Feature","properties":{"name":"Хмельницька область","Ukraine":true},"geometry":{"type":"MultiPolygon","coordinates":[[[[27.1923,50.5412],[27.2064,50.5361],[27.225,50.5206],[27.2396,50.5137],[27.2514,50.5005],[27.2604,50.4901],[27.2759,50.4844],[27.2956,50.4813],[27.2745,50.4621],[27.2593,50.4535],[27.2506,50.4448],[27.2289,50.3949],[27.235,50.3797],[27.2515,50.3745],[27.2792,50.3713],[27.2922,50.3647],[27.299,50.3491],[27.3082,50.3403],[27.3193,50.3341],[27.3616,50.3181],[27.3945,50.3018],[27.407,50.2957],[27.3994,50.2831],[27.4103,50.2738],[27.4263,50.2746],[27.4373,50.264],[27.452,50.2555],[27.4719,50.2517],[27.4835,50.2447],[27.4865,50.2279],[27.4996,50.2206],[27.5443,50.2177],[27.5571,50.2229],[27.5655,50.237],[27.5749,50.2449],[27.5825,50.2545],[27.5986,50.2563],[27.6092,50.2402],[27.6059,50.2108],[27.6111,50.1976],[27.6345,50.1798],[27.646,50.1691],[27.6496,50.1526],[27.6336,50.1429],[27.6297,50.13],[27.6421,50.1228],[27.6331,50.1017],[27.6235,50.0885],[27.6224,50.0757],[27.6334,50.0679],[27.6525,50.0629],[27.6632,50.0529],[27.6637,50.0325],[27.657,50.0225],[27.6402,50.0204],[27.6283,50.0143],[27.6185,50.0067],[27.6039,50.0029],[27.5477,50.0075],[27.5751,49.9646],[27.5808,49.9514],[27.5536,49.9447],[27.544,49.9371],[27.5409,49.9151],[27.5512,49.9066],[27.5881,49.8979],[27.6005,49.8875],[27.5974,49.8732],[27.6042,49.8608],[27.6317,49.8377],[27.6423,49.8266],[27.6475,49.8128],[27.6607,49.799],[27.868,49.76],[27.8501,49.7451],[27.8364,49.7424],[27.8174,49.7422],[27.8344,49.7288],[27.8306,49.7154],[27.8143,49.704],[27.7987,49.7012],[27.7745,49.7045],[27.7622,49.6998],[27.7526,49.6868],[27.7515,49.6735],[27.7847,49.66],[27.801,49.6519],[27.8125,49.6414],[27.8133,49.6251],[27.7791,49.5776],[27.7695,49.5696],[27.7724,49.556],[27.783,49.5489],[27.7843,49.5361],[27.7748,49.5271],[27.7616,49.5239],[27.7475,49.5284],[27.7321,49.5262],[27.7258,49.5145],[27.7243,49.4999],[27.7293,49.4886],[27.7577,49.4744],[27.7451,49.4575],[27.7385,49.447],[27.7472,49.4337],[27.7645,49.4302],[27.826,49.4298],[27.8356,49.4225],[27.8457,49.4028],[27.8088,49.3863],[27.8049,49.3726],[27.8126,49.3625],[27.8159,49.3475],[27.8272,49.3378],[27.8442,49.335],[27.8536,49.3235],[27.8518,49.309],[27.8583,49.2957],[27.8707,49.2856],[27.877,49.2727],[27.8652,49.2606],[27.8567,49.2494],[27.8558,49.2366],[27.8733,49.216],[27.8801,49.2031],[27.8806,49.1868],[27.8843,49.1723],[27.8877,49.1588],[27.873,49.1514],[27.8339,49.1485],[27.8106,49.1418],[27.7828,49.1204],[27.7672,49.116],[27.7447,49.1202],[27.7155,49.1339],[27.6863,49.1387],[27.6714,49.1436],[27.655,49.1518],[27.6398,49.1564],[27.6157,49.1599],[27.6014,49.1523],[27.5814,49.1266],[27.5683,49.122],[27.5248,49.1265],[27.5005,49.1261],[27.4893,49.1177],[27.4817,49.1046],[27.4738,49.0925],[27.4706,49.0759],[27.4485,49.0663],[27.4397,49.0576],[27.4335,49.0427],[27.4241,49.0344],[27.4058,49.0238],[27.3949,49.0175],[27.3875,49],[27.3802,48.9868],[27.3867,48.9727],[27.3959,48.9637],[27.391,48.9478],[27.3768,48.9414],[27.3721,48.9301],[27.3866,48.907],[27.394,48.8903],[27.3988,48.8764],[27.4032,48.8152],[27.408,48.8012],[27.4149,48.7883],[27.4245,48.7768],[27.414,48.7655],[27.3987,48.7645],[27.3967,48.7515],[27.4011,48.7364],[27.3993,48.7085],[27.3932,48.6837],[27.3704,48.6297],[27.3588,48.6244],[27.3451,48.6076],[27.3218,48.6008],[27.3045,48.6109],[27.2548,48.6212],[27.2344,48.6185],[27.236,48.6055],[27.2554,48.5998],[27.2605,48.5819],[27.2476,48.5704],[27.2264,48.5683],[27.2141,48.5701],[27.1921,48.5797],[27.1469,48.5819],[27.1294,48.5653],[27.1134,48.5593],[27.07,48.5627],[27.0499,48.5673],[27.0377,48.5683],[27.0234,48.5609],[27.0036,48.5751],[26.9671,48.5807],[26.9453,48.5814],[26.9247,48.5751],[26.9097,48.5631],[26.899,48.5518],[26.8849,48.5435],[26.8593,48.5403],[26.8414,48.5463],[26.8279,48.5613],[26.8226,48.5812],[26.8292,48.6018],[26.808,48.6091],[26.7876,48.6018],[26.7893,48.5784],[26.7728,48.551],[26.7594,48.5506],[26.7497,48.5616],[26.746,48.5785],[26.7289,48.5951],[26.7118,48.5853],[26.7349,48.5638],[26.7341,48.5412],[26.7218,48.5352],[26.7062,48.5361],[26.6914,48.5403],[26.6549,48.5588],[26.6328,48.5624],[26.6126,48.5509],[26.6332,48.5334],[26.6709,48.5267],[26.6884,48.5184],[26.7052,48.507],[26.6877,48.4925],[26.6541,48.4913],[26.6393,48.4965],[26.6273,48.5083],[26.607,48.4923],[26.6219,48.4583],[26.6057,48.4516],[26.5832,48.4529],[26.5664,48.4573],[26.5528,48.4658],[26.5399,48.4789],[26.5222,48.5069],[26.4891,48.5304],[26.4706,48.5381],[26.4224,48.5297],[26.404,48.5341],[26.3805,48.5171],[26.3652,48.5401],[26.3574,48.5537],[26.3557,48.5656],[26.3691,48.5693],[26.3554,48.5816],[26.3413,48.5901],[26.3211,48.5973],[26.3067,48.6056],[26.3146,48.6261],[26.3163,48.6428],[26.3044,48.638],[26.285,48.6412],[26.2839,48.654],[26.2706,48.6632],[26.2541,48.6674],[26.2421,48.6748],[26.2355,48.6849],[26.2424,48.7043],[26.2437,48.7321],[26.2499,48.7471],[26.2448,48.761],[26.2318,48.7707],[26.2363,48.7877],[26.2414,48.8004],[26.257,48.8031],[26.2387,48.8188],[26.2172,48.8372],[26.2186,48.8785],[26.2225,48.8916],[26.2124,48.9016],[26.1954,48.9],[26.1957,48.913],[26.2018,48.926],[26.2005,48.94],[26.1891,48.953],[26.2001,48.9631],[26.2035,48.9759],[26.1991,48.9885],[26.2143,48.993],[26.218,49.0066],[26.208,49.0194],[26.2013,49.0298],[26.2016,49.0446],[26.2105,49.0528],[26.2212,49.0595],[26.2314,49.0745],[26.2288,49.0868],[26.2137,49.109],[26.2124,49.1278],[26.2201,49.1429],[26.2186,49.1549],[26.2077,49.1628],[26.1991,49.1746],[26.2043,49.2003],[26.2047,49.2183],[26.2108,49.23],[26.2269,49.2376],[26.2417,49.2412],[26.2473,49.2592],[26.255,49.2782],[26.2579,49.2899],[26.2449,49.3043],[26.2344,49.3195],[26.239,49.3419],[26.2311,49.3716],[26.2301,49.3916],[26.2235,49.4034],[26.1985,49.4153],[26.1823,49.451],[26.1736,49.4688],[26.1558,49.4942],[26.1503,49.5052],[26.1492,49.5188],[26.1643,49.544],[26.175,49.5527],[26.2019,49.562],[26.2106,49.5704],[26.2142,49.5826],[26.2184,49.6086],[26.2228,49.6201],[26.2424,49.6351],[26.2533,49.6522],[26.2497,49.6647],[26.2187,49.6816],[26.2055,49.6963],[26.2055,49.71],[26.2131,49.7193],[26.2279,49.7283],[26.2333,49.7433],[26.2347,49.7629],[26.2335,49.779],[26.2251,49.7913],[26.1981,49.8062],[26.1868,49.8218],[26.1894,49.8368],[26.1937,49.8546],[26.1909,49.8693],[26.1815,49.8769],[26.1677,49.8832],[26.1571,49.8937],[26.163,49.9152],[26.1649,49.9308],[26.1512,49.9572],[26.1549,49.9703],[26.1703,49.9785],[26.2268,49.991],[26.2355,50.0072],[26.2146,50.0143],[26.2023,50.0184],[26.1971,50.0296],[26.2189,50.0379],[26.228,50.0471],[26.2319,50.0591],[26.2152,50.0725],[26.205,50.0825],[26.249,50.0925],[26.2648,50.0967],[26.273,50.1085],[26.2691,50.1202],[26.2584,50.1273],[26.2143,50.1375],[26.2332,50.1523],[26.2823,50.1668],[26.3034,50.1755],[26.3204,50.1889],[26.3615,50.2303],[26.3835,50.2441],[26.3992,50.2489],[26.4127,50.2498],[26.4343,50.2474],[26.4647,50.2484],[26.4799,50.2536],[26.4976,50.2651],[26.5151,50.2812],[26.5548,50.3004],[26.5697,50.3099],[26.5767,50.3199],[26.5848,50.3291],[26.6374,50.3555],[26.6474,50.3651],[26.6478,50.3774],[26.6937,50.4069],[26.7079,50.42],[26.7173,50.4327],[26.7278,50.439],[26.7348,50.449],[26.7365,50.4615],[26.7573,50.4659],[26.7802,50.4591],[26.7966,50.4615],[26.7998,50.4741],[26.798,50.4893],[26.8056,50.4996],[26.8765,50.5199],[26.8954,50.5308],[26.9091,50.5315],[26.9292,50.5264],[26.9493,50.5189],[26.9615,50.5171],[26.9764,50.5192],[26.9918,50.5273],[27.0145,50.5419],[27.042,50.5511],[27.0633,50.5553],[27.0753,50.5614],[27.0801,50.5732],[27.0875,50.5828],[27.1136,50.5871],[27.1262,50.582],[27.1319,50.5687],[27.1318,50.555],[27.1441,50.5484],[27.1923,50.5412]]]]}},{"type":"Feature","properties":{"name":"Чернігівська область","Ukraine":true},"geometry":{"type":"MultiPolygon","coordinates":[[[[33.2943,52.3573],[33.3589,52.3575],[33.3762,52.3552],[33.4006,52.3443],[33.3895,52.3227],[33.3867,52.3067],[33.3712,52.2887],[33.3642,52.2742],[33.3618,52.2556],[33.3492,52.2383],[33.3231,52.2216],[33.3178,52.2098],[33.3235,52.1623],[33.3304,52.1512],[33.374,52.142],[33.4015,52.126],[33.4196,52.11],[33.4309,52.103],[33.4404,52.0913],[33.4803,52.0863],[33.4857,52.0731],[33.4764,52.0562],[33.4649,52.0491],[33.4435,52.0454],[33.4201,52.0437],[33.4072,52.0444],[33.3956,52.0504],[33.3838,52.0581],[33.3734,52.047],[33.3738,52.0143],[33.3656,51.999],[33.3535,51.9908],[33.3746,51.969],[33.3662,51.9467],[33.3102,51.9349],[33.2868,51.933],[33.2722,51.9287],[33.2366,51.91],[33.2251,51.9057],[33.1802,51.9078],[33.1607,51.9042],[33.1677,51.8921],[33.1425,51.8806],[33.131,51.8662],[33.1215,51.8508],[33.1021,51.8436],[33.0889,51.8357],[33.0722,51.8165],[33.062,51.7929],[33.068,51.772],[33.0851,51.7412],[33.0987,51.7272],[33.1532,51.6931],[33.1369,51.6685],[33.1377,51.6489],[33.1484,51.6429],[33.158,51.6346],[33.1623,51.5945],[33.1753,51.5847],[33.1805,51.5739],[33.1575,51.5686],[33.1526,51.5462],[33.1594,51.5353],[33.1793,51.5241],[33.1841,51.512],[33.1697,51.5],[33.1557,51.5005],[33.1262,51.5103],[33.1309,51.4878],[33.1261,51.4743],[33.1116,51.4676],[33.1082,51.4557],[33.1129,51.44],[33.1227,51.4283],[33.1267,51.4156],[33.1195,51.4034],[33.1228,51.3896],[33.1194,51.378],[33.1013,51.3694],[33.08,51.3666],[33.0673,51.3666],[33.0515,51.3714],[33.039,51.3889],[33.0269,51.3961],[33.0118,51.394],[33.0016,51.3811],[33.0066,51.3662],[33.0157,51.3554],[33.0227,51.3442],[33.0443,51.3419],[33.0551,51.3359],[33.0518,51.3184],[33.0537,51.3017],[33.0706,51.2911],[33.0674,51.2778],[33.0696,51.2566],[33.0662,51.2451],[33.0332,51.2335],[33.0311,51.2119],[33.0277,51.1981],[32.9675,51.1821],[32.962,51.1586],[32.9695,51.1443],[32.9648,51.1292],[32.9414,51.1037],[32.983,51.0874],[33.0211,51.076],[33.0332,51.0747],[33.0537,51.0783],[33.0651,51.0736],[33.0594,51.0618],[33.0452,51.0553],[33.0531,51.043],[33.0838,51.0324],[33.1361,51.0249],[33.1495,51.0302],[33.1697,51.0577],[33.1908,51.0581],[33.2058,51.0523],[33.1988,51.0363],[33.1838,51.0186],[33.1731,51.0117],[33.1574,51.0002],[33.158,50.9851],[33.1821,50.9709],[33.1835,50.9515],[33.1829,50.929],[33.1824,50.9118],[33.1707,50.8959],[33.158,50.8912],[33.1475,50.8812],[33.1244,50.8238],[33.122,50.7948],[33.1251,50.7769],[33.138,50.7652],[33.1507,50.7591],[33.1639,50.7536],[33.1644,50.7364],[33.1479,50.7244],[33.1349,50.7165],[33.1285,50.6993],[33.1279,50.6838],[33.1174,50.6711],[33.1029,50.664],[33.1054,50.6454],[33.1047,50.6252],[33.0955,50.6019],[33.0615,50.5384],[33.0238,50.4916],[33.0092,50.48],[32.9847,50.4735],[32.9726,50.4684],[32.962,50.4597],[32.9552,50.4476],[32.9285,50.4384],[32.9059,50.4295],[32.8947,50.4208],[32.8888,50.4098],[32.8784,50.3974],[32.8632,50.3928],[32.8283,50.3909],[32.8121,50.3881],[32.7273,50.3579],[32.6909,50.3583],[32.6762,50.3676],[32.628,50.3627],[32.5263,50.3656],[32.5032,50.3702],[32.494,50.3787],[32.4879,50.3922],[32.4803,50.4044],[32.4641,50.4083],[32.4501,50.4083],[32.4129,50.3928],[32.3958,50.3982],[32.3864,50.4057],[32.3502,50.4079],[32.2883,50.3892],[32.274,50.3798],[32.2543,50.3584],[32.2433,50.3508],[32.2315,50.3452],[32.2166,50.343],[32.2038,50.3488],[32.1391,50.3501],[32.0788,50.3739],[32.0667,50.3835],[32.0794,50.3934],[32.0895,50.401],[32.0701,50.4112],[32.0513,50.4104],[32.0271,50.4162],[32.0153,50.4228],[32.0099,50.4351],[32.0076,50.451],[31.9773,50.4699],[31.975,50.4838],[31.9918,50.4996],[32.0218,50.5002],[32.0328,50.5078],[32.0352,50.5251],[32.0325,50.5393],[32.0225,50.5482],[31.9801,50.548],[31.9678,50.549],[31.9539,50.5545],[31.9441,50.5618],[31.9089,50.5928],[31.896,50.5988],[31.8671,50.6165],[31.8474,50.6239],[31.825,50.622],[31.8046,50.6178],[31.7939,50.6076],[31.7852,50.5923],[31.7844,50.5793],[31.7716,50.5717],[31.7616,50.5637],[31.7523,50.5554],[31.7377,50.5515],[31.6978,50.5539],[31.6819,50.5514],[31.6709,50.5446],[31.6606,50.537],[31.6445,50.5346],[31.6316,50.5293],[31.622,50.5212],[31.6077,50.5173],[31.5945,50.5179],[31.5765,50.5118],[31.5613,50.5091],[31.5005,50.5179],[31.4875,50.5159],[31.4734,50.506],[31.4629,50.5002],[31.3844,50.5127],[31.3641,50.5141],[31.3509,50.5138],[31.3392,50.5098],[31.3214,50.5098],[31.3063,50.5161],[31.2871,50.5181],[31.2752,50.5208],[31.2652,50.5281],[31.2629,50.5476],[31.2529,50.5598],[31.226,50.56],[31.2145,50.5636],[31.1856,50.5823],[31.1797,50.5953],[31.1856,50.606],[31.1996,50.6069],[31.2114,50.6125],[31.2185,50.6229],[31.221,50.6347],[31.213,50.6588],[31.2052,50.6708],[31.1852,50.6856],[31.1622,50.6978],[31.1597,50.7103],[31.1489,50.7188],[31.1327,50.7193],[31.1192,50.7211],[31.1105,50.7305],[31.1136,50.7454],[31.1014,50.7545],[31.0946,50.7646],[31.0778,50.7687],[31.057,50.7596],[31.0418,50.7564],[30.9757,50.7592],[30.9634,50.7588],[30.9388,50.7475],[30.9192,50.747],[30.8717,50.7553],[30.8545,50.7429],[30.8363,50.737],[30.8193,50.7466],[30.8025,50.7571],[30.7865,50.7607],[30.7577,50.7556],[30.7409,50.7574],[30.7418,50.7706],[30.7557,50.7861],[30.7653,50.7999],[30.7715,50.8112],[30.78,50.8403],[30.7673,50.853],[30.7347,50.869],[30.6715,50.8853],[30.6551,50.892],[30.6511,50.9062],[30.6588,50.9314],[30.6632,50.9492],[30.6635,50.9613],[30.6588,50.9752],[30.6491,50.9856],[30.6247,51.0002],[30.6068,51.0049],[30.5919,51.0047],[30.5795,51.007],[30.5677,51.0132],[30.5558,51.0172],[30.5431,51.0129],[30.5215,51.0081],[30.5123,51.0167],[30.5081,51.0468],[30.5112,51.108],[30.5308,51.1721],[30.5303,51.1878],[30.5164,51.2146],[30.5196,51.2268],[30.5442,51.2266],[30.5564,51.2317],[30.5566,51.2673],[30.5772,51.289],[30.5799,51.3036],[30.6105,51.3175],[30.6383,51.3358],[30.6324,51.3641],[30.6455,51.3674],[30.6375,51.3786],[30.6226,51.4121],[30.606,51.4246],[30.5879,51.4273],[30.584,51.4392],[30.586,51.4518],[30.6048,51.4612],[30.6181,51.4596],[30.6076,51.4698],[30.5889,51.4818],[30.584,51.4938],[30.5854,51.5094],[30.5751,51.5161],[30.5629,51.5218],[30.5764,51.5311],[30.584,51.5422],[30.5674,51.5472],[30.5341,51.5533],[30.5226,51.5627],[30.5311,51.5733],[30.5431,51.5764],[30.5345,51.5858],[30.5151,51.5963],[30.5438,51.6201],[30.5566,51.6236],[30.5499,51.6372],[30.5635,51.6473],[30.5643,51.6653],[30.576,51.6864],[30.5703,51.6999],[30.5828,51.7023],[30.6138,51.7029],[30.6306,51.7156],[30.632,51.728],[30.6351,51.7397],[30.6462,51.7471],[30.6181,51.7613],[30.6304,51.77],[30.6528,51.7791],[30.6705,51.7905],[30.6696,51.8061],[30.6623,51.8156],[30.6727,51.8296],[30.6945,51.8473],[30.7076,51.8604],[30.7345,51.8737],[30.7378,51.8916],[30.7497,51.8996],[30.7795,51.8979],[30.7971,51.9067],[30.8106,51.9184],[30.8052,51.9293],[30.8314,51.9459],[30.8456,51.9513],[30.858,51.9576],[30.8691,51.965],[30.8793,51.9736],[30.8809,51.9882],[30.8969,51.9983],[30.9152,51.9926],[30.9412,51.9938],[30.9501,52.0068],[30.9405,52.0201],[30.9113,52.0226],[30.9197,52.0373],[30.9188,52.0592],[30.9344,52.0697],[30.9593,52.0747],[31.0963,52.0796],[31.1348,52.0767],[31.1592,52.0681],[31.2049,52.0439],[31.229,52.0382],[31.2524,52.0445],[31.2689,52.0612],[31.2843,52.0812],[31.3044,52.0975],[31.3831,52.1175],[31.4749,52.1178],[31.6499,52.0968],[31.7643,52.1006],[31.8258,52.104],[31.8587,52.0999],[31.882,52.0864],[31.8875,52.07],[31.8877,52.0515],[31.892,52.0362],[31.9104,52.0291],[31.9272,52.0311],[31.9805,52.0476],[32.0169,52.0498],[32.0771,52.0399],[32.0956,52.0407],[32.2333,52.0808],[32.2777,52.1026],[32.3067,52.1412],[32.3188,52.2014],[32.3282,52.2191],[32.3501,52.2299],[32.3613,52.2359],[32.367,52.2472],[32.3445,52.2765],[32.3535,52.3216],[32.3943,52.3268],[32.4806,52.3071],[32.5284,52.3162],[32.7254,52.2521],[32.7556,52.2524],[32.8148,52.262],[32.8441,52.2623],[32.861,52.2572],[32.8908,52.2423],[32.909,52.2411],[32.9268,52.2469],[33.0301,52.3036],[33.0482,52.3091],[33.0704,52.3042],[33.0873,52.3108],[33.099,52.3247],[33.128,52.3327],[33.1408,52.3404],[33.1666,52.36],[33.1829,52.3673],[33.1965,52.3689],[33.2943,52.3573]]]]}},{"type":"Feature","properties":{"name":"Дніпропетровська область","Ukraine":true},"geometry":{"type":"MultiPolygon","coordinates":[[[[34.9839,49.1637],[35.0184,49.1597],[35.0316,49.1618],[35.0477,49.1619],[35.0643,49.1544],[35.0974,49.1567],[35.1284,49.1537],[35.1478,49.1534],[35.1698,49.1472],[35.1989,49.1336],[35.2114,49.1241],[35.219,49.1115],[35.2842,49.077],[35.294,49.0663],[35.3253,49.0503],[35.3478,49.0313],[35.3613,49.022],[35.4204,49.0002],[35.4361,48.9911],[35.4564,48.9766],[35.4702,48.9738],[35.4833,48.9742],[35.5038,48.9768],[35.5598,48.9716],[35.5735,48.9754],[35.586,48.9747],[35.6031,48.9655],[35.6192,48.9587],[35.649,48.9594],[35.6628,48.9557],[35.6792,48.948],[35.6942,48.9498],[35.7111,48.9536],[35.7528,48.9455],[35.773,48.9394],[35.7944,48.9342],[35.8094,48.9391],[35.824,48.9422],[35.838,48.9458],[35.8536,48.9536],[35.8708,48.9601],[35.9184,48.971],[35.9306,48.9764],[35.9525,48.9687],[35.9797,48.952],[35.9887,48.9437],[35.9918,48.929],[35.9998,48.9188],[36.0178,48.9054],[36.0068,48.8815],[35.9742,48.8671],[35.9633,48.8603],[36.0003,48.8544],[36.0121,48.8509],[36.0293,48.841],[36.0638,48.8323],[36.0754,48.8237],[36.0885,48.8098],[36.1102,48.8015],[36.1254,48.7926],[36.1368,48.7798],[36.1637,48.7672],[36.1684,48.7551],[36.1407,48.7404],[36.1326,48.7307],[36.1755,48.7031],[36.1994,48.6862],[36.2709,48.647],[36.2833,48.6369],[36.2838,48.6242],[36.2701,48.608],[36.2701,48.5952],[36.2861,48.5866],[36.3038,48.5747],[36.2765,48.5439],[36.2843,48.5282],[36.3023,48.5317],[36.3152,48.5405],[36.3305,48.5381],[36.3421,48.5314],[36.3581,48.5338],[36.3748,48.5416],[36.3689,48.5532],[36.3824,48.5805],[36.455,48.6382],[36.471,48.6458],[36.4854,48.6468],[36.5013,48.6429],[36.5457,48.6265],[36.5614,48.6178],[36.5729,48.6071],[36.5949,48.6015],[36.6311,48.6033],[36.649,48.6124],[36.6672,48.6209],[36.7254,48.6259],[36.7293,48.6132],[36.7383,48.6016],[36.7785,48.6056],[36.79,48.6012],[36.7765,48.5881],[36.7625,48.5718],[36.7493,48.5639],[36.7467,48.5392],[36.7554,48.5291],[36.7869,48.5314],[36.7979,48.5381],[36.8072,48.5641],[36.8141,48.5756],[36.8682,48.5824],[36.8831,48.5793],[36.8905,48.5597],[36.8921,48.5378],[36.8818,48.5262],[36.8575,48.5187],[36.855,48.5036],[36.8565,48.4894],[36.8418,48.483],[36.835,48.4455],[36.8461,48.4368],[36.8382,48.4268],[36.8151,48.4197],[36.8092,48.4052],[36.8147,48.3864],[36.819,48.3574],[36.8123,48.3307],[36.8165,48.3163],[36.8291,48.3148],[36.8481,48.3188],[36.8626,48.3168],[36.8694,48.3054],[36.8961,48.302],[36.9056,48.2944],[36.9087,48.2768],[36.9138,48.2638],[36.9225,48.225],[36.927,48.2051],[36.9195,48.1905],[36.9051,48.1809],[36.8896,48.1746],[36.8753,48.1708],[36.8696,48.1564],[36.8767,48.1249],[36.8894,48.0999],[36.8938,48.0791],[36.8864,48.0615],[36.8761,48.0538],[36.8513,48.0399],[36.839,48.0345],[36.8238,48.0331],[36.7884,48.0451],[36.7505,48.0526],[36.7384,48.0591],[36.7315,48.0713],[36.6651,48.088],[36.6202,48.0818],[36.6031,48.082],[36.5891,48.0789],[36.5769,48.067],[36.5713,47.9999],[36.5766,47.982],[36.5811,47.9652],[36.6042,47.9605],[36.6162,47.9543],[36.6261,47.9357],[36.634,47.9243],[36.618,47.9182],[36.5846,47.9181],[36.5724,47.9157],[36.5583,47.9107],[36.5417,47.9102],[36.532,47.8997],[36.5313,47.8874],[36.5459,47.8769],[36.56,47.8742],[36.5761,47.8442],[36.392,47.8257],[36.3791,47.8346],[36.3665,47.8396],[36.3473,47.8365],[36.3364,47.8306],[36.3252,47.8177],[36.3079,47.8138],[36.286,47.8133],[36.2674,47.8161],[36.2567,47.823],[36.2244,47.8276],[36.213,47.8332],[36.2095,47.8544],[36.1988,47.8634],[36.1811,47.8602],[36.1688,47.8501],[36.16,47.8397],[36.1066,47.8347],[36.0927,47.8404],[36.0786,47.8452],[36.0721,47.8569],[36.0607,47.8636],[36.0638,47.8755],[36.0757,47.8725],[36.0875,47.8672],[36.0984,47.8734],[36.1094,47.8949],[36.1164,47.9057],[36.1148,47.9192],[36.1176,47.9362],[36.0869,47.9384],[36.0758,47.9457],[36.0631,47.9498],[36.0594,47.9653],[36.0566,47.9832],[36.0506,47.9958],[36.0275,48.0007],[36.0253,48.0141],[36.0417,48.0269],[36.0467,48.0404],[36.0324,48.0427],[36.0002,48.0281],[35.9789,48.0264],[35.9725,48.0395],[35.9668,48.0522],[35.9703,48.0766],[35.964,48.0891],[35.9423,48.0918],[35.8828,48.082],[35.8285,48.067],[35.8164,48.0659],[35.7939,48.0833],[35.781,48.0894],[35.7323,48.0959],[35.7109,48.1098],[35.6996,48.1202],[35.6859,48.1259],[35.6461,48.1243],[35.6043,48.1163],[35.5792,48.1046],[35.5563,48.0889],[35.5308,48.0807],[35.5147,48.0794],[35.4971,48.0852],[35.34,48.104],[35.2747,48.1258],[35.2545,48.1297],[35.1911,48.1237],[35.1737,48.1209],[35.1562,48.1198],[35.1287,48.1281],[35.1014,48.1287],[35.0808,48.1258],[35.065,48.1197],[35.0477,48.1182],[35.0286,48.1194],[35.0018,48.1106],[34.9691,48.0919],[34.9431,48.081],[34.886,48.0809],[34.8745,48.087],[34.8702,48.1042],[34.8703,48.1163],[34.857,48.1228],[34.8405,48.1175],[34.8353,48.1033],[34.8404,48.0892],[34.8463,48.0787],[34.8422,48.0653],[34.8402,48.0413],[34.8211,48.0287],[34.8134,48.0155],[34.8336,48.0089],[34.8446,48.0015],[34.8463,47.9891],[34.857,47.9784],[34.9035,47.9684],[34.9141,47.9614],[34.9163,47.9471],[34.9073,47.9344],[34.8527,47.9244],[34.8198,47.9067],[34.8105,47.8948],[34.8078,47.8812],[34.8184,47.8666],[34.8958,47.8348],[34.9038,47.8242],[34.8911,47.805],[34.8871,47.7904],[34.8904,47.7766],[34.8866,47.7637],[34.9116,47.7523],[34.9357,47.75],[34.9453,47.7428],[34.9341,47.6922],[34.9265,47.6768],[34.9186,47.6472],[34.9123,47.6302],[34.8973,47.6042],[34.9,47.5918],[34.9195,47.5815],[34.9298,47.5708],[34.9232,47.5419],[34.9161,47.5309],[34.8983,47.5232],[34.8326,47.5259],[34.7299,47.5392],[34.6446,47.5636],[34.5946,47.5686],[34.4459,47.5229],[34.3193,47.5052],[34.2037,47.4784],[34.1575,47.4739],[34.0582,47.4807],[33.9018,47.5144],[33.8797,47.5137],[33.7525,47.491],[33.6544,47.4868],[33.6403,47.4913],[33.633,47.5044],[33.617,47.5123],[33.5945,47.5108],[33.5829,47.5179],[33.5753,47.5343],[33.5865,47.5539],[33.583,47.5676],[33.5691,47.5746],[33.5033,47.5671],[33.4921,47.5619],[33.4936,47.5483],[33.489,47.535],[33.4767,47.5299],[33.3706,47.5155],[33.3593,47.5099],[33.3524,47.4979],[33.3394,47.4951],[33.3226,47.5003],[33.3067,47.5108],[33.2966,47.5294],[33.2834,47.5393],[33.2671,47.5433],[33.1934,47.5539],[33.1701,47.5668],[33.0893,47.5829],[33.0052,47.5917],[32.9921,47.5987],[32.9949,47.611],[33.0126,47.6262],[33.0204,47.6364],[33.0185,47.6525],[33.0067,47.6747],[32.9907,47.6946],[32.9837,47.7069],[32.996,47.717],[33.0398,47.7261],[33.0834,47.7288],[33.0821,47.7501],[33.0719,47.7601],[33.0612,47.7687],[33.0607,47.8309],[33.0638,47.8431],[33.0696,47.8545],[33.071,47.8774],[33.0793,47.8889],[33.0797,47.9015],[33.0691,47.9109],[33.0558,47.9148],[33.0393,47.9145],[33.0314,47.9257],[33.0393,47.9443],[33.0461,47.9602],[33.0352,47.9665],[33.0461,48.0001],[33.0575,48.0258],[33.0688,48.0325],[33.0879,48.039],[33.104,48.0575],[33.12,48.0698],[33.1343,48.0769],[33.1495,48.0817],[33.187,48.0795],[33.2112,48.084],[33.2223,48.0904],[33.2271,48.1023],[33.2275,48.1179],[33.2258,48.1329],[33.233,48.1533],[33.2383,48.1706],[33.25,48.1746],[33.2621,48.1425],[33.2556,48.1314],[33.257,48.1102],[33.2688,48.1027],[33.2833,48.1233],[33.2921,48.1375],[33.3352,48.1708],[33.3441,48.1835],[33.3571,48.1843],[33.3695,48.1745],[33.3844,48.1719],[33.3964,48.1732],[33.4078,48.1778],[33.4564,48.2107],[33.4705,48.228],[33.4891,48.2314],[33.5084,48.2348],[33.5264,48.2899],[33.5191,48.3021],[33.5033,48.3065],[33.4987,48.3198],[33.4953,48.3719],[33.4896,48.3926],[33.487,48.4069],[33.4745,48.4119],[33.4724,48.429],[33.4826,48.437],[33.4634,48.4771],[33.4617,48.495],[33.4491,48.4991],[33.4414,48.5131],[33.4454,48.5253],[33.4777,48.541],[33.5638,48.5637],[33.5804,48.5594],[33.6074,48.5786],[33.7225,48.6165],[33.7663,48.6457],[33.7784,48.6493],[33.7913,48.6508],[33.813,48.6596],[33.8187,48.6711],[33.7751,48.6789],[33.7652,48.6863],[33.7565,48.6977],[33.6975,48.6999],[33.6645,48.7122],[33.6035,48.7203],[33.5917,48.7265],[33.5854,48.7391],[33.5699,48.7479],[33.5578,48.7623],[33.5722,48.787],[33.5844,48.7945],[33.5979,48.7919],[33.6129,48.7836],[33.6583,48.8062],[33.6708,48.8074],[33.6828,48.8052],[33.6929,48.7902],[33.703,48.7831],[33.7152,48.7836],[33.7408,48.8032],[33.754,48.8076],[33.7664,48.8059],[33.7711,48.7849],[33.787,48.7845],[33.7978,48.796],[33.8045,48.7816],[33.811,48.762],[33.8257,48.7594],[33.8351,48.7688],[33.843,48.7847],[33.8583,48.7971],[33.8716,48.8101],[33.885,48.8195],[33.8939,48.8403],[33.9194,48.8658],[34.0402,48.8078],[34.0617,48.8081],[34.0748,48.805],[34.0866,48.7976],[34.1097,48.7902],[34.162,48.7844],[34.1926,48.7736],[34.224,48.7475],[34.2375,48.7462],[34.2658,48.7594],[34.2876,48.7728],[34.2951,48.7844],[34.2839,48.7909],[34.2748,48.8025],[34.2986,48.8284],[34.3141,48.8361],[34.3139,48.8541],[34.3088,48.8673],[34.2766,48.8884],[34.2725,48.9019],[34.2743,48.9143],[34.2873,48.9364],[34.3012,48.9639],[34.3141,48.9749],[34.3252,48.9809],[34.3437,48.985],[34.3567,48.9861],[34.3679,48.9911],[34.353,48.9991],[34.3445,49.0085],[34.3755,49.028],[34.3901,49.038],[34.4028,49.0501],[34.4047,49.0684],[34.4135,49.0777],[34.4304,49.0746],[34.6098,49.1265],[34.645,49.1298],[34.7265,49.146],[34.7423,49.152],[34.752,49.1604],[34.7626,49.1674],[34.7783,49.1736],[34.8092,49.1736],[34.8247,49.1796],[34.8648,49.1734],[34.8609,49.1588],[34.8612,49.1468],[34.8793,49.1444],[34.8911,49.1483],[34.8997,49.1634],[34.9136,49.1794],[34.9262,49.183],[34.9439,49.1802],[34.9839,49.1637]]]]}},{"type":"Feature","properties":{"name":"Автономна Республіка Крим","Ukraine":true},"geometry":{"type":"MultiPolygon","coordinates":[[[[34.9776,45.7629],[35.0444,45.67],[35.3322,45.3712],[35.4807,45.2978],[35.5178,45.2955],[35.695,45.3304],[35.716,45.3405],[35.7433,45.3611],[35.7485,45.3797],[35.7674,45.389],[35.7884,45.4074],[35.7949,45.4305],[35.804,45.4492],[35.8171,45.4641],[35.8333,45.4709],[35.8577,45.4694],[35.8522,45.4442],[35.8469,45.4262],[35.854,45.414],[35.8711,45.4041],[35.9466,45.3721],[35.986,45.3627],[36.0223,45.3681],[36.0518,45.3952],[36.0653,45.4255],[36.0963,45.442],[36.1179,45.4571],[36.1375,45.462],[36.2524,45.4615],[36.2678,45.4672],[36.284,45.4766],[36.3,45.4733],[36.3074,45.4609],[36.2988,45.443],[36.3117,45.4435],[36.3297,45.4542],[36.3596,45.4545],[36.3914,45.4396],[36.4118,45.4362],[36.4706,45.4458],[36.4906,45.443],[36.5159,45.4197],[36.533,45.4089],[36.5486,45.4123],[36.5667,45.4252],[36.5833,45.4274],[36.5988,45.4212],[36.6135,45.4089],[36.6311,45.3747],[36.6383,45.3513],[36.6309,45.3405],[36.5983,45.3343],[36.5862,45.3338],[36.5452,45.3474],[36.5218,45.3499],[36.5024,45.3469],[36.4893,45.3363],[36.4844,45.3164],[36.4944,45.3052],[36.4906,45.2922],[36.4593,45.2877],[36.4373,45.272],[36.426,45.2515],[36.418,45.2299],[36.4094,45.1711],[36.4088,45.1495],[36.4148,45.1284],[36.4422,45.1065],[36.4553,45.0916],[36.4534,45.0765],[36.4401,45.0674],[36.3678,45.0488],[36.2785,45.0458],[36.2578,45.0389],[36.2482,45.0161],[36.2246,45.0075],[36.136,45.0214],[36.0791,45.0464],[36.0479,45.0488],[36.0254,45.0329],[36.0085,45.0097],[35.9934,44.998],[35.9168,45.0014],[35.848,44.9924],[35.8278,44.9992],[35.819,45.0215],[35.7832,45.0575],[35.7711,45.0656],[35.7064,45.0947],[35.634,45.1147],[35.5906,45.1198],[35.5474,45.1197],[35.5062,45.1135],[35.4696,45.101],[35.4167,45.0709],[35.4081,45.0625],[35.4004,45.0428],[35.4006,45.0246],[35.4354,45.011],[35.4221,45.0004],[35.3894,45.0019],[35.374,44.998],[35.3622,44.9865],[35.3606,44.9736],[35.3672,44.9433],[35.3193,44.97],[35.3049,44.9609],[35.2732,44.967],[35.256,44.9587],[35.2332,44.9257],[35.2151,44.9144],[35.1719,44.9072],[35.1543,44.9011],[35.1297,44.8686],[35.1084,44.8249],[35.0808,44.7938],[35.0376,44.7988],[35.027,44.8094],[35.0178,44.8232],[35.0057,44.8352],[34.986,44.8403],[34.9525,44.8415],[34.9302,44.8361],[34.916,44.8253],[34.8899,44.8181],[34.8572,44.8237],[34.8426,44.8167],[34.8265,44.8118],[34.757,44.8205],[34.7209,44.811],[34.6506,44.7773],[34.613,44.7652],[34.5332,44.7529],[34.5,44.7426],[34.4753,44.7236],[34.4294,44.6896],[34.4143,44.6738],[34.3802,44.6313],[34.3412,44.5585],[34.3313,44.5455],[34.3003,44.5456],[34.2861,44.5454],[34.271,44.5455],[34.2635,44.5319],[34.2429,44.5074],[34.2298,44.4999],[34.1825,44.4928],[34.1701,44.4816],[34.1608,44.4664],[34.1475,44.4499],[34.1365,44.442],[34.1025,44.4251],[34.0887,44.422],[34.0658,44.4196],[33.9579,44.383],[33.9377,44.381],[33.9149,44.3838],[33.8521,44.4015],[33.8396,44.4012],[33.8186,44.396],[33.7412,44.3959],[33.7209,44.3996],[33.6454,44.4251],[33.6317,44.4343],[33.6261,44.453],[33.59,44.4901],[33.5784,44.497],[33.5604,44.4963],[33.5391,44.4916],[33.5176,44.4905],[33.4995,44.5008],[33.4872,44.5103],[33.3796,44.5645],[33.3723,44.5765],[33.3711,44.5884],[33.4054,44.5902],[33.4359,44.6053],[33.4665,44.6058],[33.4855,44.6103],[33.5,44.6139],[33.5511,44.6146],[33.5715,44.6205],[33.5578,44.6243],[33.5251,44.6288],[33.5148,44.6491],[33.5236,44.6614],[33.5356,44.6722],[33.5442,44.6827],[33.5483,44.6987],[33.5368,44.7298],[33.5304,44.7573],[33.5251,44.7724],[33.5163,44.7851],[33.5277,44.7932],[33.5374,44.819],[33.5461,44.8369],[33.5596,44.8497],[33.5983,44.8593],[33.6092,44.8717],[33.6161,44.8891],[33.6199,44.9086],[33.6196,44.9315],[33.6086,44.9706],[33.6056,44.9874],[33.5852,45.0184],[33.5784,45.0532],[33.5625,45.0939],[33.5374,45.1174],[33.4691,45.1488],[33.4134,45.1845],[33.3965,45.1898],[33.3551,45.1857],[33.3176,45.1755],[33.2826,45.1605],[33.2596,45.1561],[33.2494,45.1656],[33.2401,45.1796],[33.2185,45.1874],[33.1736,45.1966],[33.1584,45.2068],[33.1233,45.2379],[33.0985,45.2481],[33.09,45.2567],[33.0786,45.2717],[33.0518,45.2816],[32.9766,45.3257],[32.9406,45.3425],[32.8993,45.3542],[32.7502,45.3633],[32.7285,45.3611],[32.7127,45.3531],[32.6774,45.326],[32.6631,45.3201],[32.5915,45.3201],[32.5702,45.3252],[32.5354,45.338],[32.5128,45.3405],[32.4858,45.3949],[32.4816,45.4089],[32.4951,45.4355],[32.5251,45.4581],[32.6436,45.5217],[32.6631,45.5256],[32.6862,45.527],[32.7048,45.5311],[32.7205,45.5373],[32.7347,45.5454],[32.7498,45.5596],[32.7729,45.5665],[32.8024,45.5602],[32.8279,45.5624],[32.8264,45.5794],[32.827,45.5955],[32.8377,45.6081],[32.8682,45.6301],[32.9368,45.6625],[33.1634,45.7363],[33.1761,45.7431],[33.181,45.7552],[33.1667,45.7626],[33.1606,45.7788],[33.1786,45.7802],[33.1948,45.7651],[33.2301,45.7509],[33.2654,45.7538],[33.3381,45.7856],[33.3743,45.7965],[33.41,45.8266],[33.425,45.8309],[33.4669,45.8501],[33.4822,45.8545],[33.5077,45.843],[33.5199,45.8409],[33.5542,45.847],[33.5784,45.8681],[33.5986,45.8774],[33.6102,45.8807],[33.6304,45.88],[33.6505,45.8707],[33.6589,45.8593],[33.6917,45.8607],[33.6911,45.8962],[33.6935,45.9145],[33.7086,45.9097],[33.7253,45.9161],[33.7594,45.9222],[33.777,45.9296],[33.7586,45.9409],[33.7396,45.9478],[33.6825,45.9584],[33.6572,45.9569],[33.639,45.9473],[33.6199,45.9507],[33.6384,45.9682],[33.6468,45.9797],[33.632,45.9883],[33.6365,46.0064],[33.6422,46.0222],[33.6295,46.0566],[33.6388,46.0783],[33.6484,46.09],[33.6436,46.1047],[33.6204,46.1363],[33.6369,46.1411],[33.614,46.2262],[33.647,46.2302],[33.6642,46.2226],[33.6872,46.2055],[33.7006,46.2029],[33.7394,46.1853],[33.7562,46.191],[33.7991,46.2043],[33.8389,46.201],[33.8712,46.1898],[33.9127,46.1606],[33.9883,46.1342],[34.0013,46.1251],[34.0538,46.1087],[34.0727,46.1173],[34.0895,46.1149],[34.1249,46.1056],[34.1445,46.0875],[34.1548,46.0811],[34.1761,46.0723],[34.2488,46.053],[34.3306,46.0608],[34.347,46.0556],[34.4088,46.0058],[34.4131,45.9893],[34.4238,45.9784],[34.442,45.9625],[34.4687,45.9464],[34.4955,45.9422],[34.5096,45.9467],[34.523,45.9553],[34.5472,45.9791],[34.5568,45.9916],[34.5759,45.9958],[34.6037,45.9941],[34.6337,45.9847],[34.6535,45.9763],[34.6742,45.9654],[34.689,45.9546],[34.7257,45.9283],[34.7544,45.9088],[34.8023,45.9006],[34.799,45.8105],[34.8646,45.7941],[34.9194,45.7746],[34.9451,45.7639],[34.9597,45.7565],[34.9776,45.7629]]]]}},{"type":"Feature","properties":{"name":"Івано-Франківська область","Ukraine":true},"geometry":{"type":"MultiPolygon","coordinates":[[[[24.6547,49.4967],[24.6687,49.4977],[24.682,49.4928],[24.707,49.4918],[24.7885,49.4088],[24.8041,49.3889],[24.8217,49.3561],[24.8329,49.3396],[24.8265,49.3253],[24.8245,49.3102],[24.831,49.2967],[24.8357,49.2778],[24.8372,49.2659],[24.8456,49.2555],[24.8665,49.2504],[24.8751,49.2388],[24.8816,49.2221],[24.8825,49.21],[24.879,49.1983],[24.8581,49.1842],[24.851,49.1717],[24.8592,49.1554],[24.8595,49.1432],[24.8572,49.1305],[24.8624,49.1164],[24.8802,49.1112],[24.894,49.1169],[24.9067,49.1224],[24.9362,49.1165],[24.9668,49.1129],[24.9816,49.0992],[24.9848,49.0807],[24.9913,49.0674],[24.9887,49.0543],[24.9772,49.0483],[24.9556,49.0501],[24.9271,49.0597],[24.909,49.0616],[24.8957,49.0572],[24.8956,49.0428],[24.9094,49.0338],[24.9421,49.0251],[24.9565,49.0139],[24.9593,49.0016],[24.9781,48.9771],[24.9926,48.9696],[25.01,48.9686],[25.0515,48.9743],[25.067,48.9724],[25.1196,48.9514],[25.1297,48.9344],[25.1223,48.9177],[25.1286,48.8982],[25.1525,48.873],[25.1656,48.8655],[25.178,48.884],[25.1831,48.9036],[25.1973,48.9177],[25.2195,48.9294],[25.2312,48.9321],[25.2458,48.9314],[25.2356,48.9119],[25.2267,48.8868],[25.2222,48.8597],[25.2253,48.842],[25.2501,48.8594],[25.2736,48.859],[25.3277,48.842],[25.3065,48.8283],[25.2501,48.8177],[25.239,48.801],[25.251,48.7751],[25.2772,48.7814],[25.3277,48.8147],[25.3432,48.8163],[25.3556,48.8283],[25.3537,48.8409],[25.3561,48.8546],[25.3761,48.8563],[25.3887,48.854],[25.401,48.8497],[25.4144,48.8469],[25.4308,48.8494],[25.4316,48.8671],[25.4469,48.8687],[25.4623,48.8636],[25.4627,48.8483],[25.45,48.8358],[25.4611,48.8253],[25.4823,48.814],[25.5056,48.8048],[25.5229,48.801],[25.5484,48.799],[25.5654,48.7934],[25.5953,48.7743],[25.623,48.7637],[25.6401,48.745],[25.6294,48.7296],[25.6304,48.7168],[25.6399,48.7085],[25.6463,48.6972],[25.6372,48.6836],[25.5985,48.6583],[25.5864,48.6507],[25.5724,48.6385],[25.5654,48.6253],[25.5673,48.6091],[25.5777,48.5807],[25.6044,48.5324],[25.6004,48.4326],[25.5938,48.4069],[25.5851,48.3929],[25.5693,48.3883],[25.5549,48.3916],[25.5248,48.4009],[25.4928,48.4037],[25.4474,48.4],[25.4067,48.3915],[25.3696,48.3802],[25.2926,48.3402],[25.1961,48.2568],[25.1767,48.2496],[25.1623,48.2443],[25.1477,48.2367],[25.1364,48.2276],[25.1328,48.2157],[25.1333,48.2033],[25.1399,48.19],[25.1317,48.1782],[25.117,48.175],[25.1063,48.1694],[25.0545,48.1286],[25.0276,48.1215],[25.0006,48.1103],[24.9892,48.1002],[24.9846,48.0789],[24.9345,48.0134],[24.9282,47.9969],[24.9317,47.971],[24.933,47.9547],[24.9431,47.9308],[24.9629,47.9125],[24.9694,47.8993],[24.9694,47.8781],[24.9809,47.8552],[24.9848,47.8404],[24.9809,47.8284],[24.9341,47.7572],[24.9288,47.7314],[24.9288,47.7143],[24.8966,47.7101],[24.8778,47.7187],[24.8544,47.7431],[24.8207,47.7841],[24.8082,47.7957],[24.7937,47.8044],[24.7128,47.8259],[24.6791,47.8401],[24.6615,47.8539],[24.6569,47.8662],[24.656,47.8793],[24.6493,47.8952],[24.6337,47.9083],[24.6084,47.9219],[24.5698,47.9373],[24.5723,47.9495],[24.5824,47.9843],[24.5882,47.9959],[24.6392,48.0476],[24.6068,48.0886],[24.5384,48.1345],[24.5284,48.1461],[24.5213,48.1613],[24.5231,48.1749],[24.535,48.1905],[24.5435,48.2048],[24.521,48.2351],[24.5025,48.2596],[24.4304,48.3068],[24.4106,48.3168],[24.4001,48.3238],[24.3849,48.3345],[24.3529,48.3368],[24.3442,48.3456],[24.3394,48.365],[24.3317,48.3748],[24.3199,48.3808],[24.3095,48.3874],[24.2925,48.3748],[24.2784,48.3609],[24.2662,48.3555],[24.2341,48.3505],[24.2083,48.3507],[24.1777,48.3546],[24.1633,48.3609],[24.1511,48.3689],[24.1408,48.3799],[24.1324,48.414],[24.1308,48.426],[24.1373,48.4593],[24.1407,48.4712],[24.136,48.4895],[24.1354,48.5063],[24.1377,48.5203],[24.1293,48.5334],[24.1138,48.5322],[24.0649,48.5105],[24.0462,48.5051],[24.0014,48.5001],[23.9805,48.4907],[23.964,48.4786],[23.9524,48.4728],[23.936,48.4702],[23.9172,48.4743],[23.9074,48.4847],[23.9105,48.5002],[23.9167,48.5154],[23.9136,48.5275],[23.9068,48.538],[23.8981,48.5472],[23.8869,48.5536],[23.8648,48.5578],[23.847,48.5628],[23.7915,48.5938],[23.7817,48.6034],[23.7809,48.6155],[23.783,48.6297],[23.7766,48.6421],[23.7605,48.6468],[23.7478,48.6479],[23.7353,48.6478],[23.709,48.6429],[23.693,48.6447],[23.6745,48.6544],[23.6124,48.7038],[23.5738,48.7158],[23.5329,48.7237],[23.5753,48.8339],[23.5716,48.8532],[23.5632,48.8656],[23.5532,48.8748],[23.5493,48.889],[23.5765,48.9686],[23.5979,48.9847],[23.6196,48.9973],[23.6416,49.0107],[23.6554,49.0307],[23.6816,49.083],[23.6936,49.0946],[23.711,49.1043],[23.7285,49.1107],[23.7547,49.1149],[23.855,49.1056],[23.9057,49.1072],[23.9217,49.1125],[23.9436,49.1247],[23.9557,49.128],[24.0033,49.1164],[24.0234,49.1216],[24.0683,49.1431],[24.0845,49.1456],[24.0967,49.1444],[24.1405,49.135],[24.1582,49.135],[24.2052,49.1489],[24.2415,49.149],[24.2634,49.1523],[24.316,49.1717],[24.3555,49.1815],[24.3728,49.1831],[24.3889,49.1805],[24.4057,49.1804],[24.4249,49.1854],[24.4412,49.1941],[24.4462,49.2085],[24.4256,49.2277],[24.4058,49.2307],[24.387,49.2319],[24.3636,49.2366],[24.354,49.2649],[24.3588,49.2775],[24.3663,49.2876],[24.3593,49.2996],[24.3453,49.304],[24.3135,49.2893],[24.2998,49.2852],[24.2865,49.2898],[24.2818,49.301],[24.2908,49.3139],[24.3109,49.3186],[24.3441,49.3201],[24.3577,49.3219],[24.3695,49.3261],[24.386,49.3404],[24.4186,49.3619],[24.4239,49.374],[24.3869,49.3914],[24.3905,49.4098],[24.4208,49.4418],[24.4276,49.4535],[24.422,49.4713],[24.4133,49.4834],[24.4183,49.4951],[24.4273,49.5067],[24.4387,49.5157],[24.4855,49.5114],[24.5723,49.5247],[24.5846,49.524],[24.6063,49.5196],[24.6375,49.5033],[24.6498,49.497],[24.6547,49.4967]]]]}},{"type":"Feature","properties":{"name":"Черкаська область","Ukraine":true},"geometry":{"type":"MultiPolygon","coordinates":[[[[32.0695,50.2387],[32.0892,50.2379],[32.1055,50.227],[32.1115,50.2165],[32.1249,50.2048],[32.1346,50.1946],[32.1407,50.1823],[32.1545,50.175],[32.175,50.1722],[32.1896,50.1678],[32.2094,50.15],[32.2213,50.1472],[32.2382,50.1543],[32.2505,50.1609],[32.2626,50.1606],[32.2737,50.1482],[32.2717,50.1313],[32.2336,50.1204],[32.2524,50.0669],[32.2631,50.0587],[32.2929,50.0504],[32.3188,50.0529],[32.3744,49.994],[32.3853,49.9847],[32.409,49.9755],[32.4169,49.9584],[32.407,49.9261],[32.409,49.8987],[32.4001,49.8878],[32.3828,49.8901],[32.3686,49.8875],[32.3665,49.8737],[32.4082,49.8223],[32.4271,49.8072],[32.4402,49.8031],[32.454,49.8068],[32.4689,49.8065],[32.4866,49.7951],[32.4979,49.784],[32.5117,49.7808],[32.5251,49.7843],[32.5625,49.7666],[32.5696,49.7465],[32.5676,49.7142],[32.5786,49.7015],[32.693,49.6716],[32.7007,49.661],[32.7036,49.6321],[32.7108,49.62],[32.7454,49.6008],[32.7592,49.5756],[32.7574,49.5531],[32.7477,49.5408],[32.726,49.5324],[32.7154,49.5252],[32.6759,49.4819],[32.6874,49.4599],[32.6971,49.4502],[32.7429,49.4119],[32.7893,49.3339],[32.7926,49.3088],[32.7887,49.2618],[32.7774,49.2336],[32.7527,49.1881],[32.7592,49.1762],[32.7708,49.1697],[32.782,49.1591],[32.7895,49.1468],[32.7975,49.123],[32.7986,49.0853],[32.8061,49.0652],[32.8247,49.0304],[32.8491,49.0229],[32.8543,49.0103],[32.8449,49.0012],[32.7994,48.9763],[32.7873,48.9668],[32.7752,48.9617],[32.7592,48.9623],[32.7439,48.9656],[32.7321,48.9723],[32.7063,48.9839],[32.6894,48.9874],[32.6764,48.9821],[32.6677,48.9703],[32.6524,48.9562],[32.6343,48.946],[32.621,48.9436],[32.6082,48.9443],[32.5947,48.9476],[32.5829,48.9539],[32.5677,48.9579],[32.5555,48.9525],[32.5524,48.9403],[32.5406,48.9277],[32.5269,48.9277],[32.5151,48.9313],[32.511,48.9567],[32.5035,48.9731],[32.463,49.0098],[32.4545,49.0216],[32.4549,49.0491],[32.4428,49.057],[32.4208,49.0438],[32.4084,49.0412],[32.3805,49.0432],[32.3646,49.0478],[32.3586,49.0609],[32.3463,49.0673],[32.3435,49.0808],[32.3319,49.0898],[32.3122,49.0804],[32.2888,49.07],[32.2874,49.0565],[32.2794,49.0471],[32.2647,49.0493],[32.2476,49.0528],[32.2344,49.0478],[32.2144,49.0245],[32.2048,49.0153],[32.1925,48.9998],[32.1494,48.9801],[32.1381,48.9716],[32.1343,48.9583],[32.144,48.951],[32.1436,48.9358],[32.1367,48.9195],[32.1213,48.9102],[32.1042,48.9097],[32.0906,48.9134],[32.08,48.9197],[32.0518,48.9162],[32.0404,48.9241],[32.0262,48.928],[32.0031,48.9146],[31.9528,48.9021],[31.9392,48.8962],[31.9258,48.8844],[31.9072,48.8713],[31.8949,48.8618],[31.8748,48.8616],[31.8645,48.8708],[31.8594,48.8877],[31.8505,48.9026],[31.8102,48.9239],[31.7323,48.9426],[31.6895,48.9445],[31.6764,48.9399],[31.6665,48.9252],[31.6511,48.9174],[31.592,48.9183],[31.5613,48.9255],[31.5441,48.9242],[31.5312,48.911],[31.5295,48.891],[31.5321,48.8723],[31.5324,48.8528],[31.5273,48.8352],[31.5172,48.8259],[31.4906,48.8111],[31.4812,48.8035],[31.4742,48.7874],[31.4623,48.7611],[31.4417,48.751],[31.4105,48.7451],[31.3894,48.7383],[31.367,48.7335],[31.3543,48.7337],[31.3369,48.7254],[31.3245,48.7283],[31.3152,48.7395],[31.2936,48.747],[31.2809,48.7483],[31.2637,48.7473],[31.2359,48.7523],[31.2236,48.7538],[31.1886,48.7528],[31.1321,48.7318],[31.116,48.7283],[31.075,48.7283],[31.0607,48.7275],[31.039,48.7363],[31.0205,48.7435],[30.9906,48.7494],[30.9662,48.7508],[30.9499,48.7549],[30.8882,48.754],[30.8675,48.7564],[30.832,48.7505],[30.8121,48.7509],[30.7991,48.7604],[30.7774,48.7596],[30.7636,48.762],[30.7469,48.7656],[30.7325,48.7652],[30.7127,48.7668],[30.6684,48.7523],[30.6384,48.7333],[30.6154,48.7222],[30.6042,48.7096],[30.611,48.6972],[30.6014,48.6638],[30.5919,48.6544],[30.5542,48.6323],[30.5445,48.6246],[30.5688,48.6087],[30.5778,48.5813],[30.5741,48.5651],[30.5573,48.5591],[30.4844,48.5535],[30.4723,48.5584],[30.4611,48.5692],[30.438,48.5727],[30.4147,48.5719],[30.4031,48.5674],[30.393,48.5555],[30.3902,48.5424],[30.3849,48.5305],[30.2552,48.4853],[30.2425,48.4767],[30.2206,48.4792],[30.2087,48.4849],[30.1991,48.4923],[30.1847,48.4925],[30.1461,48.4742],[30.1208,48.4564],[30.1084,48.4533],[30.0761,48.4551],[30.0611,48.4656],[30.0474,48.4723],[30.0316,48.4733],[29.9731,48.4578],[29.9611,48.4572],[29.957,48.4697],[29.9793,48.4867],[29.9911,48.5001],[30.0006,48.5096],[30.0122,48.5154],[30.02,48.5254],[30.0213,48.5378],[30.015,48.5515],[30.0006,48.571],[29.9823,48.5866],[29.9722,48.5977],[29.9636,48.6098],[29.9593,48.6227],[29.9591,48.6515],[29.9487,48.6613],[29.905,48.6733],[29.8721,48.6885],[29.8591,48.6983],[29.8575,48.7177],[29.8817,48.7319],[29.8794,48.7455],[29.8678,48.75],[29.8529,48.762],[29.84,48.7661],[29.8131,48.7648],[29.7777,48.7679],[29.7675,48.7777],[29.7498,48.8398],[29.7402,48.8501],[29.7163,48.8545],[29.7064,48.8628],[29.7006,48.8754],[29.7079,48.8873],[29.72,48.8933],[29.7189,48.9098],[29.7068,48.923],[29.6927,48.9279],[29.6767,48.9278],[29.6612,48.9355],[29.6387,48.9445],[29.6423,48.9562],[29.653,48.9745],[29.6685,48.9813],[29.6722,48.9987],[29.664,49.0085],[29.6488,49.0127],[29.6179,49.0134],[29.603,49.0182],[29.5948,49.027],[29.5947,49.0451],[29.6095,49.0621],[29.6519,49.0799],[29.6707,49.0851],[29.6744,49.1032],[29.6804,49.1194],[29.7041,49.1283],[29.7053,49.1466],[29.7011,49.1615],[29.7113,49.1738],[29.7041,49.1893],[29.6787,49.2003],[29.6972,49.2273],[29.7363,49.2196],[29.7346,49.2077],[29.7295,49.1952],[29.741,49.1844],[29.7615,49.1746],[29.7779,49.1706],[29.8369,49.1746],[29.8623,49.1738],[29.8699,49.1897],[29.8771,49.2025],[29.8915,49.2115],[29.9064,49.2251],[29.9143,49.2404],[29.932,49.2506],[29.9535,49.2613],[29.9969,49.2635],[30.0136,49.2668],[30.0243,49.2777],[30.0386,49.2851],[30.0527,49.2834],[30.0825,49.282],[30.0979,49.2772],[30.1115,49.275],[30.1067,49.294],[30.1149,49.309],[30.1292,49.3143],[30.1465,49.3286],[30.1792,49.3234],[30.1708,49.3036],[30.1644,49.2932],[30.1742,49.2824],[30.3495,49.258],[30.3584,49.2489],[30.3632,49.2366],[30.382,49.2329],[30.4088,49.2932],[30.4146,49.3042],[30.4163,49.3197],[30.4199,49.3359],[30.4377,49.3485],[30.4521,49.35],[30.4675,49.3455],[30.4785,49.3387],[30.4894,49.3269],[30.5339,49.3319],[30.5502,49.3406],[30.5879,49.3296],[30.6022,49.3377],[30.6152,49.3549],[30.6272,49.3579],[30.6424,49.3516],[30.6546,49.3506],[30.6692,49.3536],[30.6846,49.3538],[30.7116,49.3265],[30.7254,49.3208],[30.7483,49.3287],[30.7811,49.3351],[30.7958,49.3456],[30.8102,49.3524],[30.832,49.3472],[30.8483,49.3496],[30.8585,49.3567],[30.8748,49.3609],[30.8883,49.3502],[30.908,49.3461],[30.9192,49.3546],[30.9188,49.3705],[30.9223,49.382],[30.9462,49.4105],[30.956,49.4185],[30.9738,49.4276],[30.9879,49.4392],[30.9982,49.4469],[31.0228,49.462],[31.0346,49.4715],[31.0773,49.4907],[31.0875,49.5012],[31.104,49.5277],[31.119,49.5384],[31.1501,49.5525],[31.1579,49.5622],[31.159,49.5743],[31.1538,49.5879],[31.1377,49.5917],[31.1281,49.599],[31.1282,49.6144],[31.147,49.6292],[31.1625,49.655],[31.1727,49.6681],[31.1735,49.6826],[31.1698,49.6955],[31.1859,49.7141],[31.1969,49.7534],[31.1884,49.7651],[31.1828,49.7773],[31.1968,49.7974],[31.1924,49.8091],[31.1805,49.8154],[31.1918,49.8319],[31.2045,49.8473],[31.2178,49.8571],[31.2589,49.8617],[31.336,49.8967],[31.3572,49.8998],[31.394,49.8997],[31.4226,49.9051],[31.4352,49.9058],[31.4471,49.9007],[31.4522,49.8871],[31.4646,49.877],[31.4722,49.8607],[31.4833,49.8493],[31.4969,49.84],[31.5065,49.8542],[31.5143,49.8646],[31.5285,49.8641],[31.545,49.8586],[31.558,49.859],[31.5709,49.8627],[31.5782,49.8727],[31.5819,49.8877],[31.5911,49.8973],[31.6044,49.8936],[31.6054,49.8665],[31.7074,49.8466],[31.7215,49.8537],[31.7312,49.8674],[31.7421,49.879],[31.7597,49.8906],[31.7638,49.9115],[31.7927,49.9395],[31.8024,49.9529],[31.8092,49.9686],[31.8094,49.9844],[31.8058,49.9982],[31.8144,50.008],[31.858,50.0174],[31.872,50.0234],[31.8712,50.0374],[31.8643,50.05],[31.8605,50.0642],[31.8581,50.0791],[31.8507,50.0916],[31.862,50.1058],[31.8932,50.1211],[31.9048,50.1323],[31.9143,50.1472],[31.9284,50.1453],[31.9477,50.1457],[31.9599,50.1496],[31.9813,50.1638],[31.993,50.1755],[31.9939,50.1898],[31.9824,50.2004],[31.9743,50.2095],[31.9751,50.2241],[31.9835,50.2346],[31.9942,50.2431],[32.0136,50.2509],[32.0318,50.2505],[32.0478,50.2459],[32.0695,50.2387]]]]}},{"type":"Feature","properties":{"name":"Донецька область","Ukraine":true},"geometry":{"type":"MultiPolygon","coordinates":[[[[37.9766,49.1313],[38.0115,49.1497],[38.0618,49.1508],[38.0632,49.1171],[38.0629,49.102],[38.0602,49.0866],[38.0439,49.0728],[38.0486,49.0498],[38.0776,49.0036],[38.0698,48.9903],[38.0492,48.9884],[38.0422,48.9782],[38.0247,48.9745],[38.0129,48.9686],[38.0081,48.9573],[38.0214,48.9519],[38.0352,48.9471],[38.0512,48.9381],[38.1712,48.932],[38.2101,48.9239],[38.225,48.8899],[38.2295,48.873],[38.2295,48.8582],[38.2433,48.847],[38.2573,48.8441],[38.2751,48.8418],[38.281,48.8284],[38.2827,48.8117],[38.2917,48.8007],[38.2965,48.7831],[38.2902,48.7708],[38.2724,48.7523],[38.2669,48.7411],[38.2695,48.7274],[38.2941,48.7297],[38.3065,48.7254],[38.3001,48.7111],[38.2841,48.6969],[38.2614,48.6837],[38.2518,48.6746],[38.2514,48.6386],[38.256,48.6227],[38.254,48.6098],[38.2679,48.5798],[38.2682,48.5639],[38.2617,48.5521],[38.2667,48.5365],[38.2899,48.528],[38.3052,48.5255],[38.3148,48.5154],[38.3133,48.5035],[38.3054,48.4863],[38.3026,48.4741],[38.3021,48.459],[38.3102,48.45],[38.3237,48.4431],[38.3398,48.4394],[38.3642,48.4326],[38.3796,48.4337],[38.3896,48.4413],[38.4063,48.4373],[38.4171,48.4241],[38.4236,48.4113],[38.4357,48.3971],[38.457,48.3856],[38.4668,48.3762],[38.4806,48.3576],[38.4804,48.3442],[38.4713,48.3361],[38.4176,48.3283],[38.41,48.3177],[38.4191,48.2989],[38.4236,48.2856],[38.4452,48.2746],[38.4609,48.2724],[38.561,48.2788],[38.5765,48.2663],[38.5842,48.2466],[38.6043,48.2133],[38.6037,48.1951],[38.601,48.1832],[38.6305,48.1659],[38.7562,48.134],[38.814,48.1114],[38.8227,48.0943],[38.81,48.0754],[38.8027,48.0646],[38.8054,48.0504],[38.815,48.043],[38.8401,48.028],[38.8527,48.0228],[38.9337,48.0211],[39.0271,48.0066],[39.0338,47.9919],[39.031,47.9588],[39.0358,47.9425],[39.0536,47.9316],[39.0555,47.9174],[39.0381,47.8658],[38.8772,47.8612],[38.8309,47.8482],[38.7962,47.8199],[38.771,47.7808],[38.7533,47.7351],[38.7451,47.6931],[38.7345,47.6771],[38.713,47.6757],[38.6779,47.6852],[38.6621,47.6833],[38.6433,47.6735],[38.6064,47.6451],[38.5876,47.6343],[38.5622,47.6266],[38.3529,47.6071],[38.319,47.5913],[38.2934,47.5628],[38.2744,47.5278],[38.2603,47.4929],[38.2636,47.4217],[38.2579,47.3932],[38.2333,47.3624],[38.2034,47.3346],[38.1906,47.3169],[38.1887,47.301],[38.201,47.2906],[38.2203,47.2888],[38.2576,47.2927],[38.2757,47.2918],[38.2918,47.287],[38.3009,47.276],[38.2982,47.256],[38.2847,47.2411],[38.2639,47.2315],[38.2413,47.2239],[38.2225,47.2152],[38.2035,47.1923],[38.197,47.1624],[38.2014,47.1307],[38.2166,47.1032],[38.1963,47.0895],[38.1422,47.0377],[38.1081,47.0263],[38.1304,47.0584],[38.13,47.0746],[38.1043,47.0816],[38.0715,47.0998],[38.0352,47.0843],[37.9876,47.0919],[37.9621,47.0959],[37.9504,47.0912],[37.8611,47.1015],[37.7533,47.0753],[37.7103,47.0742],[37.5807,47.0904],[37.5464,47.0816],[37.4829,47.0359],[37.3779,46.9339],[37.3517,46.8987],[37.3352,46.8824],[37.313,46.8755],[37.3174,46.9008],[37.2954,46.9202],[37.2607,46.9327],[37.2271,46.937],[37.2082,46.9336],[37.1623,46.9091],[37.0465,46.8777],[37.0096,46.9148],[37.0125,46.9301],[37.0474,46.9539],[37.0618,46.9611],[37.0815,46.9562],[37.0955,46.9561],[37.1144,46.9657],[37.0937,47],[37.1056,47.0113],[37.1166,47.0177],[37.1113,47.0339],[37.091,47.0439],[37.0741,47.0558],[37.0608,47.0541],[37.0525,47.0452],[37.0109,47.0656],[37.0026,47.0765],[36.9908,47.1061],[36.983,47.1174],[36.9675,47.1355],[36.9405,47.1496],[36.8977,47.1622],[36.8644,47.1824],[36.8565,47.1937],[36.8699,47.1998],[36.9226,47.2027],[36.9355,47.2066],[36.938,47.2411],[36.9335,47.2536],[36.9185,47.2751],[36.913,47.2939],[36.9278,47.3043],[36.9399,47.3035],[36.952,47.2987],[36.9666,47.2976],[36.9774,47.2911],[37.0078,47.2869],[37.0289,47.2875],[37.0654,47.2962],[37.0747,47.3079],[37.0749,47.3227],[37.0878,47.3399],[37.0958,47.3552],[37.1033,47.3656],[37.1144,47.3715],[37.1307,47.3719],[37.1433,47.3664],[37.1571,47.353],[37.1672,47.3463],[37.1791,47.3508],[37.1847,47.3629],[37.1819,47.3758],[37.1846,47.3879],[37.1987,47.4091],[37.1993,47.4221],[37.2178,47.4484],[37.2114,47.4595],[37.1943,47.4593],[37.1522,47.4639],[37.1407,47.4548],[37.1287,47.4512],[37.1028,47.4753],[37.0212,47.5242],[36.9954,47.5475],[36.9442,47.5704],[36.9307,47.571],[36.9042,47.5573],[36.8933,47.5509],[36.8818,47.5559],[36.865,47.5663],[36.8258,47.5958],[36.809,47.6056],[36.7979,47.6102],[36.7666,47.6015],[36.7521,47.6017],[36.7488,47.6173],[36.7532,47.6304],[36.7319,47.6388],[36.7213,47.6489],[36.7228,47.6613],[36.7364,47.6653],[36.7484,47.6699],[36.7152,47.6814],[36.7031,47.6908],[36.6892,47.7159],[36.6613,47.7571],[36.6567,47.778],[36.6496,47.7897],[36.6169,47.7863],[36.5942,47.7882],[36.5769,47.803],[36.5761,47.8442],[36.5695,47.8673],[36.5459,47.8769],[36.533,47.8836],[36.532,47.8997],[36.5417,47.9102],[36.5583,47.9107],[36.5724,47.9157],[36.5846,47.9181],[36.618,47.9182],[36.6339,47.9217],[36.6261,47.9357],[36.6194,47.9481],[36.6093,47.9591],[36.5862,47.9623],[36.5766,47.9707],[36.5719,47.9955],[36.575,48.0582],[36.5806,48.0732],[36.5934,48.0804],[36.6202,48.0818],[36.6544,48.0879],[36.7237,48.0756],[36.7343,48.0686],[36.7415,48.0564],[36.7884,48.0451],[36.8238,48.0331],[36.839,48.0345],[36.8513,48.0399],[36.8761,48.0538],[36.8864,48.0615],[36.8935,48.0715],[36.8914,48.0932],[36.8792,48.1184],[36.8701,48.1523],[36.8719,48.1674],[36.8896,48.1746],[36.9051,48.1809],[36.9195,48.1905],[36.9272,48.2015],[36.9242,48.2154],[36.9138,48.2638],[36.9087,48.2768],[36.9056,48.2944],[36.8961,48.302],[36.8733,48.3044],[36.865,48.3142],[36.8536,48.3188],[36.8379,48.3174],[36.8246,48.3138],[36.8127,48.3222],[36.8184,48.3524],[36.8147,48.3864],[36.8102,48.4001],[36.8089,48.4131],[36.8382,48.4268],[36.8461,48.4368],[36.835,48.4455],[36.8354,48.4763],[36.8514,48.4866],[36.8575,48.4982],[36.8527,48.5132],[36.8712,48.5223],[36.8887,48.5302],[36.8905,48.5597],[36.8874,48.5736],[36.8682,48.5824],[36.8244,48.5798],[36.8095,48.5691],[36.8,48.5421],[36.7914,48.5327],[36.7554,48.5291],[36.7467,48.5392],[36.7471,48.5582],[36.7577,48.5693],[36.7731,48.5857],[36.7852,48.5922],[36.7833,48.6053],[36.7433,48.6011],[36.7321,48.606],[36.7254,48.6259],[36.7108,48.6496],[36.7105,48.6884],[36.7104,48.706],[36.6933,48.7583],[36.69,48.7775],[36.7017,48.7881],[36.7183,48.7892],[36.7305,48.7875],[36.7607,48.7769],[36.7729,48.7745],[36.8204,48.7724],[36.8365,48.7798],[36.8469,48.7875],[36.8609,48.7953],[36.8749,48.7995],[36.8908,48.8009],[36.9031,48.7992],[36.9991,48.7669],[37.0143,48.7596],[37.0289,48.7607],[37.0309,48.7743],[37.0052,48.7827],[36.9982,48.7945],[37.0126,48.8103],[37.0246,48.8153],[37.0409,48.8108],[37.0573,48.8096],[37.0677,48.8188],[37.0744,48.8357],[37.0887,48.8424],[37.1051,48.8406],[37.1174,48.8304],[37.1289,48.8235],[37.1476,48.8217],[37.1705,48.8256],[37.1812,48.8315],[37.1782,48.8522],[37.1861,48.8671],[37.1998,48.8709],[37.2111,48.8851],[37.2209,48.8976],[37.259,48.9154],[37.2935,48.9178],[37.311,48.9229],[37.3116,48.9363],[37.3029,48.948],[37.3059,48.9599],[37.295,48.9706],[37.3085,48.9985],[37.3196,49.0059],[37.3435,49.0122],[37.3525,49.0236],[37.3641,49.0447],[37.3737,49.0525],[37.6012,49.1446],[37.6124,49.1545],[37.597,49.1709],[37.5851,49.1761],[37.5634,49.1753],[37.5255,49.1784],[37.5086,49.1819],[37.5353,49.2214],[37.5469,49.2272],[37.6431,49.2283],[37.7711,49.2043],[37.8169,49.2055],[37.8338,49.2075],[37.8433,49.2188],[37.8473,49.2317],[37.8681,49.2276],[37.8798,49.2209],[37.8917,49.2104],[37.9054,49.2054],[37.9236,49.2039],[37.934,49.1936],[37.8982,49.1889],[37.8891,49.1809],[37.8835,49.1684],[37.8953,49.1563],[37.9387,49.1446],[37.9662,49.1325],[37.9766,49.1313]]]]}},{"type":"Feature","properties":{"name":"Луганська область","Ukraine":true},"geometry":{"type":"MultiPolygon","coordinates":[[[[38.2538,50.0591],[38.2812,50.0624],[38.2999,50.0605],[38.3141,50.0495],[38.3441,49.9921],[38.356,49.9806],[38.3763,49.9749],[38.4201,49.9718],[38.4378,49.9673],[38.4611,49.9569],[38.4975,49.9482],[38.5702,49.9566],[38.6195,49.9507],[38.6378,49.9572],[38.6621,49.9626],[38.6728,49.943],[38.6756,49.927],[38.6873,49.9138],[38.7478,49.8854],[38.8522,49.8658],[38.8863,49.8452],[38.9105,49.8206],[38.9374,49.8035],[39.0323,49.8073],[39.0491,49.8105],[39.0683,49.8211],[39.0999,49.8516],[39.1171,49.8644],[39.1558,49.8736],[39.181,49.8595],[39.238,49.7651],[39.2609,49.7445],[39.2899,49.7321],[39.3276,49.7263],[39.3672,49.7318],[39.406,49.7442],[39.4436,49.7495],[39.4799,49.7336],[39.4991,49.7281],[39.5575,49.724],[39.5704,49.7133],[39.5816,49.6907],[39.5974,49.6479],[39.6229,49.6134],[39.6533,49.5998],[39.6887,49.5934],[39.7292,49.5808],[39.781,49.5484],[39.8015,49.5422],[39.8287,49.5414],[39.8594,49.5455],[39.8894,49.5533],[39.9147,49.563],[39.974,49.6025],[39.9981,49.6082],[40.0177,49.6078],[40.1155,49.5905],[40.1307,49.5798],[40.126,49.5591],[40.1107,49.5453],[40.072,49.5307],[40.0543,49.5197],[40.0349,49.487],[40.0409,49.4555],[40.062,49.4258],[40.1013,49.3854],[40.148,49.3496],[40.1595,49.3336],[40.1572,49.3158],[40.1427,49.2819],[40.1417,49.2458],[40.134,49.2363],[40.1102,49.2276],[40.0909,49.2173],[40.0577,49.1828],[40.0384,49.1685],[39.9796,49.1418],[39.9521,49.1245],[39.9309,49.1006],[39.9261,49.0865],[39.9234,49.058],[39.9073,49.0426],[39.8913,49.0417],[39.862,49.0451],[39.8315,49.0453],[39.7489,49.0262],[39.6983,49.0284],[39.6811,49.0203],[39.674,48.9701],[39.6875,48.9576],[39.7078,48.9488],[39.726,48.937],[39.7394,48.919],[39.7473,48.9053],[39.7587,48.8954],[39.7823,48.8884],[39.8619,48.8764],[39.8965,48.8799],[39.9186,48.8725],[39.9376,48.8562],[39.9503,48.8528],[39.9723,48.8603],[39.9899,48.8757],[40.0089,48.8878],[40.0343,48.8856],[40.0538,48.8692],[40.0528,48.8497],[40.0387,48.83],[40.0196,48.8131],[39.9753,48.7897],[39.9349,48.7867],[39.8242,48.8156],[39.8012,48.8149],[39.7794,48.8077],[39.7593,48.7928],[39.7512,48.7819],[39.7445,48.7705],[39.7363,48.7615],[39.7114,48.7548],[39.6418,48.6117],[39.6317,48.5869],[39.6703,48.5884],[39.6901,48.5937],[39.8092,48.5837],[39.8353,48.5735],[39.855,48.5561],[39.8627,48.5301],[39.8661,48.517],[39.8654,48.5015],[39.8467,48.4998],[39.8447,48.4835],[39.8543,48.4754],[39.8962,48.4239],[39.9068,48.3983],[39.9145,48.3847],[39.9241,48.3761],[39.9015,48.3612],[39.8841,48.3463],[39.8159,48.3081],[39.8848,48.279],[39.9052,48.2806],[39.9574,48.2934],[39.9789,48.2901],[39.9932,48.2732],[39.9907,48.2537],[39.9776,48.2354],[39.9605,48.222],[39.9126,48.1977],[39.8937,48.183],[39.843,48.1198],[39.8312,48.1],[39.829,48.0768],[39.8443,48.0457],[39.8336,48.0362],[39.7788,48.0292],[39.7599,48.0149],[39.7701,48.0041],[39.7802,47.9931],[39.7944,47.9713],[39.794,47.9457],[39.7798,47.9225],[39.7775,47.9066],[39.7821,47.8929],[39.7756,47.858],[39.759,47.8329],[39.7338,47.816],[39.7007,47.8115],[39.6006,47.8295],[39.57,47.8309],[39.5093,47.8228],[39.4799,47.8261],[39.457,47.8313],[39.4139,47.8232],[39.3916,47.8226],[39.3735,47.8283],[39.3401,47.8435],[39.3197,47.846],[39.1736,47.837],[39.1332,47.8295],[39.1135,47.8286],[39.0929,47.8321],[39.0391,47.8569],[39.0555,47.9174],[39.0536,47.9316],[39.0401,47.9386],[39.0313,47.9498],[39.0338,47.9919],[39.0271,48.0066],[38.9337,48.0211],[38.8623,48.0201],[38.8401,48.028],[38.815,48.043],[38.8054,48.0504],[38.8027,48.0646],[38.81,48.0754],[38.8188,48.0848],[38.8212,48.1032],[38.7562,48.134],[38.6305,48.1659],[38.6092,48.175],[38.6015,48.187],[38.6065,48.2032],[38.5887,48.2371],[38.5811,48.2569],[38.5707,48.2744],[38.4609,48.2724],[38.4452,48.2746],[38.4323,48.2786],[38.4191,48.2989],[38.4129,48.3105],[38.4098,48.3241],[38.4632,48.3335],[38.4748,48.3383],[38.4827,48.3507],[38.4668,48.3762],[38.457,48.3856],[38.4357,48.3971],[38.4261,48.4049],[38.4211,48.4169],[38.4063,48.4373],[38.3934,48.4435],[38.3831,48.4359],[38.3701,48.4318],[38.351,48.4382],[38.3324,48.4406],[38.3102,48.45],[38.3021,48.459],[38.3026,48.4741],[38.3054,48.4863],[38.3113,48.4995],[38.315,48.5111],[38.3103,48.5235],[38.2899,48.528],[38.2772,48.5316],[38.2622,48.5403],[38.2682,48.5639],[38.2679,48.5798],[38.2557,48.6009],[38.2562,48.6177],[38.2514,48.6386],[38.2487,48.6636],[38.2538,48.6774],[38.2841,48.6969],[38.3001,48.7111],[38.3065,48.7254],[38.2941,48.7297],[38.2744,48.7267],[38.2666,48.7379],[38.2724,48.7523],[38.2846,48.7642],[38.2948,48.7782],[38.2917,48.8007],[38.2827,48.8117],[38.2793,48.8237],[38.2795,48.8391],[38.2632,48.8438],[38.2433,48.847],[38.2311,48.8542],[38.2295,48.873],[38.225,48.8899],[38.2134,48.9131],[38.1712,48.932],[38.0577,48.937],[38.0448,48.9406],[38.0282,48.9503],[38.0158,48.9525],[38.0104,48.965],[38.0196,48.9738],[38.0363,48.9742],[38.0432,48.9849],[38.0653,48.9892],[38.076,48.9953],[38.0486,49.0498],[38.0427,49.0618],[38.0545,49.0804],[38.0621,49.0906],[38.0624,49.1055],[38.0702,49.1429],[38.0206,49.1523],[37.9854,49.1341],[37.9713,49.1315],[37.9387,49.1446],[37.8953,49.1563],[37.8836,49.1641],[37.8891,49.1809],[37.8982,49.1889],[37.9258,49.1898],[37.9336,49.1996],[37.9054,49.2054],[37.8917,49.2104],[37.8798,49.2209],[37.8681,49.2276],[37.8473,49.2317],[37.8715,49.2462],[37.8982,49.2583],[37.9113,49.2686],[37.9261,49.2838],[37.9296,49.2962],[37.9187,49.3069],[37.8902,49.3116],[37.8816,49.3326],[37.8871,49.3833],[37.8832,49.3967],[37.8672,49.4136],[37.8616,49.4265],[37.8759,49.4425],[37.8996,49.448],[37.9105,49.4547],[37.9205,49.481],[37.9257,49.4959],[37.9533,49.5116],[37.9632,49.5201],[37.9532,49.551],[37.9623,49.5607],[37.9541,49.5746],[37.9459,49.5914],[37.9505,49.6033],[37.9637,49.6095],[37.9773,49.6324],[37.9929,49.6463],[38.0003,49.6565],[37.9992,49.6806],[38.0011,49.7084],[37.9929,49.7202],[37.9777,49.7219],[37.9507,49.7145],[37.9394,49.7226],[37.9542,49.743],[37.9645,49.751],[37.998,49.7494],[38.0093,49.7577],[38.0164,49.769],[38.0366,49.7793],[38.0453,49.7878],[38.0016,49.8122],[38.0053,49.8265],[38.0228,49.8324],[38.0427,49.8362],[38.0647,49.8373],[38.0801,49.8431],[38.0593,49.8566],[38.046,49.8666],[38.0275,49.8938],[38.0229,49.9091],[38.0665,49.9272],[38.0791,49.9299],[38.1084,49.9207],[38.1662,49.9406],[38.1713,49.9841],[38.1641,50.0304],[38.1739,50.0601],[38.1898,50.0628],[38.2538,50.0591]]]]}},{"type":"Feature","properties":{"name":"Волинська область","Ukraine":true},"geometry":{"type":"MultiPolygon","coordinates":[[[[25.5474,51.9194],[25.5516,51.9018],[25.5639,51.897],[25.6548,51.893],[25.6447,51.8827],[25.6335,51.8759],[25.6298,51.8602],[25.634,51.8473],[25.6414,51.8344],[25.6413,51.8221],[25.6281,51.8045],[25.6151,51.7925],[25.5727,51.7683],[25.5237,51.7247],[25.5153,51.715],[25.5099,51.6986],[25.506,51.6782],[25.5045,51.6608],[25.5069,51.6414],[25.5072,51.6285],[25.5145,51.6154],[25.5365,51.6104],[25.5535,51.6123],[25.5628,51.6033],[25.5719,51.5954],[25.5898,51.592],[25.6008,51.5851],[25.6002,51.5707],[25.5922,51.5604],[25.5692,51.5458],[25.5561,51.5351],[25.5506,51.5097],[25.5532,51.4966],[25.5642,51.4692],[25.5648,51.4488],[25.5606,51.4318],[25.5594,51.4188],[25.5617,51.3989],[25.554,51.3575],[25.5628,51.3405],[25.5735,51.3339],[25.5873,51.334],[25.5991,51.3503],[25.6078,51.359],[25.6213,51.3641],[25.6429,51.3682],[25.6558,51.3685],[25.6685,51.3676],[25.6896,51.3622],[25.7058,51.3633],[25.7174,51.3699],[25.7267,51.382],[25.7388,51.3887],[25.7507,51.3801],[25.7608,51.3726],[25.7858,51.3701],[25.8008,51.3741],[25.8162,51.3827],[25.8118,51.3503],[25.8075,51.332],[25.8165,51.3199],[25.8294,51.314],[25.8492,51.3083],[25.8575,51.2992],[25.8618,51.2847],[25.8974,51.2652],[25.9167,51.2501],[25.9289,51.2395],[26.0054,51.2158],[26.0564,51.1838],[26.0629,51.1698],[26.0606,51.1533],[26.0476,51.136],[26.0358,51.1292],[25.9572,51.1164],[25.9467,51.0802],[25.9545,51.0707],[25.9797,51.0637],[25.9998,51.0706],[26.0126,51.0731],[26.0289,51.0723],[26.0413,51.0663],[26.0584,51.0541],[26.0739,51.037],[26.0791,51.0225],[26.0893,51.0111],[26.0939,50.9925],[26.0898,50.976],[26.0763,50.9696],[26.06,50.9652],[25.9886,50.9587],[25.9749,50.9451],[25.9816,50.935],[25.9975,50.9273],[26.0111,50.9174],[26.0142,50.9033],[26.0066,50.8917],[25.9819,50.8768],[25.9692,50.8643],[25.9712,50.8517],[25.9951,50.8445],[26.0032,50.8346],[25.9936,50.8261],[25.9791,50.8242],[25.9597,50.827],[25.943,50.8259],[25.8904,50.8],[25.8754,50.7925],[25.8683,50.7813],[25.8654,50.7353],[25.8692,50.7163],[25.8706,50.7007],[25.8609,50.6859],[25.8506,50.6771],[25.8365,50.6363],[25.817,50.6309],[25.8038,50.6333],[25.7749,50.6516],[25.7618,50.6574],[25.7168,50.6631],[25.7102,50.6767],[25.6885,50.6945],[25.6734,50.7039],[25.6556,50.707],[25.6029,50.7069],[25.5825,50.7001],[25.5611,50.6898],[25.5226,50.6767],[25.4882,50.6683],[25.4584,50.6564],[25.4402,50.6543],[25.4154,50.658],[25.3941,50.6633],[25.3816,50.6686],[25.3669,50.6779],[25.3646,50.659],[25.3535,50.6432],[25.3562,50.6291],[25.3793,50.6202],[25.3735,50.6095],[25.295,50.6157],[25.2854,50.6043],[25.2991,50.5852],[25.3052,50.5715],[25.305,50.5591],[25.2974,50.5493],[25.2866,50.543],[25.2708,50.5396],[25.1949,50.5448],[25.1481,50.5528],[25.1325,50.5488],[25.1224,50.5401],[25.1232,50.5274],[25.1569,50.5099],[25.1684,50.5004],[25.1513,50.4797],[25.1406,50.4703],[25.1274,50.4652],[25.103,50.4669],[25.0918,50.4618],[25.1013,50.4521],[25.1179,50.4442],[25.133,50.4353],[25.1423,50.4275],[25.1679,50.399],[25.1942,50.3928],[25.2036,50.3807],[25.195,50.3697],[25.1817,50.3658],[25.1634,50.362],[25.1438,50.3474],[25.1226,50.3312],[25.0635,50.2948],[25.0656,50.3234],[25.0616,50.3379],[25.0489,50.3473],[25.0341,50.3494],[25.0039,50.3457],[24.9831,50.3521],[24.9551,50.3643],[24.9415,50.3687],[24.9294,50.3674],[24.9303,50.3522],[24.9114,50.3481],[24.8484,50.3549],[24.8254,50.352],[24.8061,50.3466],[24.7877,50.3414],[24.773,50.3405],[24.7238,50.3437],[24.7088,50.3474],[24.7036,50.3644],[24.6882,50.3767],[24.6468,50.3929],[24.6389,50.4049],[24.6291,50.4153],[24.591,50.417],[24.5782,50.4212],[24.5701,50.4319],[24.5582,50.4384],[24.5469,50.433],[24.5461,50.4173],[24.5365,50.4083],[24.5152,50.4061],[24.5031,50.414],[24.5062,50.4293],[24.4988,50.4396],[24.4567,50.4613],[24.4518,50.4729],[24.4634,50.4788],[24.5132,50.4867],[24.5294,50.4946],[24.5374,50.5038],[24.5357,50.5182],[24.5008,50.5455],[24.4802,50.5511],[24.4575,50.5466],[24.4398,50.5473],[24.4053,50.5674],[24.4027,50.5824],[24.3795,50.6009],[24.3675,50.6066],[24.3537,50.6102],[24.3393,50.6043],[24.3303,50.5959],[24.2973,50.5906],[24.2761,50.5852],[24.2589,50.583],[24.2292,50.5854],[24.2088,50.5967],[24.1943,50.6139],[24.1801,50.6172],[24.1647,50.6402],[24.1525,50.6445],[24.1386,50.6439],[24.1259,50.6418],[24.1082,50.6303],[24.0828,50.6691],[24.0749,50.6902],[24.081,50.713],[24.0542,50.7172],[24.0269,50.728],[24.0128,50.7433],[24.0258,50.7608],[23.9979,50.7692],[23.9743,50.7762],[23.9595,50.7889],[23.9576,50.808],[23.9699,50.8252],[23.9929,50.8362],[24.0205,50.8385],[24.0469,50.8291],[24.0673,50.8348],[24.1005,50.835],[24.1308,50.8391],[24.1431,50.8564],[24.1302,50.8689],[24.0469,50.898],[23.9793,50.9375],[23.9644,50.9532],[23.9589,50.9663],[23.955,50.9836],[23.944,50.9942],[23.9318,50.9995],[23.9191,51.0027],[23.916,51.0146],[23.9042,51.0627],[23.8955,51.0761],[23.8693,51.1017],[23.8545,51.1215],[23.8747,51.1361],[23.8636,51.1483],[23.816,51.1788],[23.7652,51.199],[23.7427,51.2162],[23.6873,51.2924],[23.6702,51.2993],[23.6509,51.2996],[23.6352,51.3047],[23.6287,51.326],[23.634,51.3393],[23.6478,51.354],[23.6656,51.3658],[23.6839,51.3703],[23.6776,51.3838],[23.686,51.401],[23.6976,51.4044],[23.6894,51.4164],[23.6487,51.4539],[23.6628,51.4802],[23.6486,51.4862],[23.6305,51.4904],[23.6148,51.4972],[23.6081,51.5112],[23.6241,51.5159],[23.6287,51.5312],[23.5991,51.589],[23.5943,51.6049],[23.6064,51.6181],[23.6167,51.6248],[23.629,51.629],[23.7262,51.6448],[23.7497,51.6445],[23.8203,51.6313],[23.8453,51.6298],[23.8849,51.6199],[23.9129,51.5986],[23.9413,51.5819],[23.9813,51.586],[24.1308,51.6698],[24.2441,51.7182],[24.2723,51.7429],[24.2961,51.8081],[24.3115,51.8275],[24.3479,51.8611],[24.3696,51.8751],[24.3908,51.88],[24.6398,51.8921],[24.701,51.8829],[24.7218,51.8823],[25.0027,51.9105],[25.0927,51.9397],[25.138,51.9489],[25.1833,51.9497],[25.352,51.9215],[25.5474,51.9194]]]]}},{"type":"Feature","properties":{"name":"Миколаївська область","Ukraine":true},"geometry":{"type":"MultiPolygon","coordinates":[[[[31.7563,46.5543],[31.7902,46.5472],[31.8479,46.523],[31.8166,46.4832],[31.7717,46.4958],[31.7485,46.4999],[31.7264,46.5009],[31.7107,46.4954],[31.696,46.4841],[31.6865,46.4709],[31.6865,46.4299],[31.6636,46.4721],[31.6414,46.4821],[31.5244,46.5642],[31.5083,46.5876],[31.5403,46.57],[31.5667,46.5504],[31.5815,46.5452],[31.7563,46.5543]]],[[[31.2292,48.1386],[31.2356,48.1269],[31.2503,48.1209],[31.3439,48.1118],[31.3685,48.1204],[31.3843,48.1249],[31.3962,48.1146],[31.4083,48.1083],[31.423,48.1109],[31.4442,48.1159],[31.4994,48.119],[31.5115,48.1104],[31.5098,48.0821],[31.5016,48.0689],[31.5061,48.0564],[31.5222,48.056],[31.5284,48.0782],[31.5421,48.0908],[31.5551,48.084],[31.5805,48.0847],[31.5884,48.1024],[31.5998,48.1142],[31.6165,48.1187],[31.6403,48.1063],[31.656,48.1013],[31.6758,48.1016],[31.6919,48.0951],[31.7049,48.0933],[31.7441,48.0982],[31.758,48.0954],[31.7668,48.0759],[31.773,48.0632],[31.7713,48.0509],[31.7628,48.0419],[31.7509,48.0364],[31.7112,48.0242],[31.7227,48.0004],[31.7554,47.9635],[31.7682,47.9526],[31.7798,47.9449],[31.8102,47.9478],[31.8265,47.94],[31.8319,47.9267],[31.8397,47.9147],[31.8612,47.8973],[31.8665,47.8842],[31.8445,47.8564],[31.8398,47.8425],[31.8495,47.8311],[31.8524,47.8169],[31.8524,47.8031],[31.8623,47.7958],[31.9553,47.7958],[31.9668,47.8055],[31.9859,47.8129],[32.0218,47.8098],[32.0406,47.8005],[32.0639,47.7921],[32.0744,47.7848],[32.0831,47.7732],[32.0916,47.7629],[32.1193,47.7512],[32.1387,47.7475],[32.1584,47.7512],[32.1691,47.7577],[32.1804,47.7691],[32.1933,47.7866],[32.2151,47.8107],[32.2256,47.8177],[32.2706,47.824],[32.2875,47.8224],[32.3254,47.8085],[32.3429,47.7962],[32.3644,47.7997],[32.3809,47.8012],[32.4568,47.7822],[32.64,47.7996],[32.6495,47.8222],[32.652,47.8373],[32.6762,47.8419],[32.6723,47.856],[32.672,47.8715],[32.6635,47.8872],[32.6627,47.9002],[32.6793,47.9065],[32.7063,47.9086],[32.7162,47.9191],[32.7109,47.9313],[32.6939,47.9333],[32.6833,47.9399],[32.6827,47.9548],[32.6897,47.9653],[32.7039,47.9742],[32.7167,47.9788],[32.758,47.984],[32.7776,47.9893],[32.7898,47.9844],[32.801,47.9728],[32.8179,47.9661],[32.8322,47.9695],[32.8382,47.9808],[32.8756,47.9907],[32.8856,47.9989],[32.8819,48.0106],[32.8819,48.0255],[32.8941,48.035],[32.9068,48.0375],[32.9428,48.034],[32.9702,48.0443],[32.9827,48.0365],[32.9878,48.0233],[33.0111,48.003],[33.0148,47.9809],[33.0352,47.9665],[33.0461,47.9602],[33.0393,47.9443],[33.0314,47.9257],[33.0393,47.9145],[33.0558,47.9148],[33.0691,47.9109],[33.0797,47.9015],[33.0793,47.8889],[33.071,47.8774],[33.0696,47.8545],[33.0638,47.8431],[33.0607,47.8309],[33.0603,47.7756],[33.0677,47.7621],[33.0821,47.7501],[33.0877,47.7372],[33.0398,47.7261],[33.0021,47.7189],[32.9878,47.7133],[32.9907,47.6946],[33.0067,47.6747],[33.0143,47.6626],[33.0207,47.6426],[33.0126,47.6262],[33.0004,47.6177],[32.9916,47.6032],[33.0052,47.5917],[33.0893,47.5829],[33.0868,47.5624],[33.0893,47.548],[33.1097,47.5342],[33.1186,47.5237],[33.1122,47.5099],[33.118,47.4899],[33.125,47.4773],[33.1231,47.4613],[33.12,47.4489],[33.1253,47.4358],[33.1301,47.4226],[33.1151,47.4145],[33.0959,47.4134],[33.0818,47.4175],[33.0745,47.4336],[33.0645,47.4489],[33.0528,47.445],[33.0472,47.4313],[33.0314,47.417],[33.0267,47.4059],[33.0349,47.3943],[33.0477,47.3886],[33.0874,47.3874],[33.0993,47.3824],[33.1206,47.3494],[33.1247,47.3337],[33.1211,47.3193],[33.1112,47.3004],[33.1062,47.2883],[33.1047,47.276],[33.1135,47.2568],[33.1349,47.231],[33.1306,47.2166],[33.125,47.2046],[33.1127,47.2025],[33.0945,47.209],[33.0779,47.2062],[33.0486,47.1826],[33.0359,47.1779],[33.0213,47.1762],[32.9983,47.1766],[32.9847,47.187],[32.9712,47.1812],[32.962,47.1644],[32.9363,47.1269],[32.9184,47.1104],[32.916,47.097],[32.9198,47.0801],[32.9456,47.076],[33.0135,47.0511],[33.0594,47.0215],[33.058,47.0086],[33.0494,46.9998],[33.0316,46.9857],[33.0263,46.9743],[32.9983,46.9819],[32.9859,46.9908],[32.9763,46.9995],[32.9549,46.9906],[32.95,46.9697],[32.9543,46.956],[32.9659,46.951],[33.0013,46.951],[33.0143,46.9433],[32.9996,46.9325],[32.9589,46.925],[32.9461,46.9196],[32.9243,46.9027],[32.8165,46.8888],[32.8065,46.8787],[32.8188,46.8696],[32.8499,46.8666],[32.9038,46.8701],[32.9195,46.8651],[32.9348,46.8651],[32.9141,46.8507],[32.8361,46.8318],[32.8221,46.8269],[32.7729,46.8284],[32.7195,46.8235],[32.7057,46.8242],[32.6927,46.833],[32.683,46.8442],[32.6524,46.8535],[32.6407,46.8596],[32.5929,46.8598],[32.5752,46.8636],[32.5628,46.8665],[32.5519,46.8728],[32.5384,46.8727],[32.5367,46.8535],[32.5331,46.8406],[32.5226,46.8331],[32.4797,46.8298],[32.4632,46.8336],[32.454,46.845],[32.4228,46.8458],[32.3893,46.8395],[32.3741,46.8306],[32.3587,46.8014],[32.3432,46.7946],[32.3174,46.7962],[32.2592,46.8106],[32.2349,46.8093],[32.2227,46.805],[32.2106,46.7948],[32.1979,46.7716],[32.1882,46.7586],[32.1787,46.7509],[32.1546,46.7417],[32.123,46.7353],[32.0995,46.7382],[32.083,46.7452],[32.0651,46.7458],[32.0398,46.7355],[32.0167,46.7262],[31.9664,46.727],[31.9502,46.7418],[31.9403,46.7589],[31.9362,46.8004],[31.9548,46.8314],[31.9817,46.8603],[32.0024,46.8954],[32.0075,46.9152],[32.0067,46.9305],[31.9959,46.9404],[31.946,46.9467],[31.9359,46.9548],[31.9392,46.968],[31.9689,46.9987],[31.9769,47.0093],[31.9437,47.0189],[31.9001,47.0136],[31.8811,47.015],[31.8652,47.0263],[31.8932,47.0684],[31.8968,47.0927],[31.8823,47.1186],[31.8682,47.1273],[31.8557,47.1296],[31.8379,47.1492],[31.8347,47.1682],[31.8306,47.1867],[31.8167,47.1971],[31.7577,47.2162],[31.7485,47.2285],[31.7533,47.2485],[31.7417,47.2591],[31.7238,47.2375],[31.7268,47.2205],[31.7424,47.2092],[31.7617,47.2005],[31.8062,47.1927],[31.8163,47.1808],[31.8156,47.1226],[31.8447,47.113],[31.8566,47.1036],[31.8743,47.0938],[31.8665,47.077],[31.8523,47.0605],[31.8374,47.0084],[31.869,46.9988],[31.9141,47.0031],[31.9471,46.9991],[31.9177,46.9763],[31.9043,46.9605],[31.8994,46.9438],[31.9077,46.9265],[31.9256,46.9229],[31.9476,46.9282],[31.9683,46.937],[31.9728,46.9153],[31.9634,46.8857],[31.9451,46.8595],[31.9232,46.8483],[31.8986,46.8429],[31.8774,46.8282],[31.8647,46.8066],[31.8652,46.78],[31.9028,46.7452],[31.8994,46.694],[31.9023,46.677],[31.9085,46.6627],[31.8994,46.6496],[31.8701,46.6331],[31.8584,46.6291],[31.8147,46.623],[31.7715,46.6275],[31.6741,46.6532],[31.6144,46.6496],[31.5972,46.6432],[31.5887,46.6296],[31.5789,46.6173],[31.5568,46.6149],[31.5345,46.6272],[31.5042,46.628],[31.485,46.6323],[31.481,46.6464],[31.4909,46.6634],[31.5461,46.7276],[31.5602,46.7491],[31.5721,46.7663],[31.6182,46.8134],[31.6061,46.8264],[31.5913,46.806],[31.584,46.7936],[31.5574,46.7836],[31.5435,46.7748],[31.5242,46.754],[31.5083,46.7452],[31.4956,46.7507],[31.4816,46.7589],[31.4668,46.7836],[31.4561,46.796],[31.4407,46.8005],[31.4519,46.7755],[31.4558,46.7546],[31.4707,46.7453],[31.5021,46.7277],[31.4983,46.7076],[31.4797,46.6872],[31.4626,46.6752],[31.4286,46.6376],[31.4162,46.6291],[31.3967,46.626],[31.3522,46.6093],[31.3376,46.6013],[31.3239,46.6061],[31.2957,46.6089],[31.283,46.6149],[31.2567,46.6164],[31.188,46.6289],[31.1724,46.6844],[31.1724,46.7032],[31.178,46.715],[31.1762,46.7272],[31.1648,46.8165],[31.1439,46.8358],[31.1302,46.8412],[31.1125,46.8644],[31.0986,46.8774],[31.0564,46.8974],[31.0412,46.917],[31.033,46.9385],[31.0337,46.9523],[31.088,46.9556],[31.1063,46.9713],[31.1189,46.9757],[31.1352,46.9699],[31.1535,46.9718],[31.2145,46.9745],[31.2294,46.9864],[31.257,46.998],[31.2677,47.0141],[31.2731,47.0293],[31.2829,47.0408],[31.2945,47.0504],[31.2967,47.0632],[31.3068,47.0905],[31.3001,47.1045],[31.2786,47.1063],[31.266,47.1151],[31.2599,47.1277],[31.244,47.1406],[31.2312,47.1582],[31.2134,47.1658],[31.1912,47.1592],[31.1774,47.1585],[31.1631,47.1666],[31.1299,47.1743],[31.1164,47.1823],[31.116,47.1989],[31.1246,47.2115],[31.1392,47.2145],[31.1518,47.2192],[31.1656,47.2292],[31.172,47.2406],[31.1676,47.255],[31.1599,47.2666],[31.0702,47.2603],[31.0396,47.2509],[31.018,47.2656],[30.9702,47.2701],[30.9153,47.2767],[30.9023,47.2911],[30.8855,47.3165],[30.8387,47.4127],[30.8338,47.4295],[30.8461,47.4513],[30.8526,47.4672],[30.8563,47.4866],[30.8568,47.4998],[30.8685,47.5054],[30.8722,47.5223],[30.8682,47.5434],[30.849,47.561],[30.8382,47.5746],[30.8249,47.5835],[30.7904,47.5844],[30.7898,47.598],[30.7881,47.6235],[30.7798,47.6337],[30.7238,47.625],[30.7155,47.616],[30.7105,47.599],[30.7026,47.5897],[30.69,47.59],[30.6794,47.601],[30.6754,47.6191],[30.6298,47.6259],[30.6169,47.6287],[30.6042,47.6356],[30.5882,47.6363],[30.5784,47.629],[30.5632,47.6211],[30.5497,47.6176],[30.5353,47.6237],[30.5216,47.6276],[30.4759,47.6221],[30.458,47.6327],[30.4303,47.643],[30.4166,47.6529],[30.4104,47.6663],[30.4035,47.6789],[30.4023,47.691],[30.4111,47.7043],[30.4138,47.7197],[30.3953,47.7335],[30.3818,47.7426],[30.3801,47.7553],[30.3936,47.7651],[30.3994,47.7767],[30.3945,47.7921],[30.3843,47.7992],[30.3581,47.8063],[30.3314,47.8211],[30.3233,47.8343],[30.2979,47.9449],[30.2732,47.9682],[30.263,47.9786],[30.2512,47.9856],[30.2265,47.9902],[30.216,47.9987],[30.216,48.0118],[30.2248,48.0241],[30.2262,48.0476],[30.2098,48.0621],[30.2177,48.0722],[30.256,48.0842],[30.2712,48.0829],[30.2816,48.0892],[30.2963,48.0914],[30.3119,48.0902],[30.3164,48.1025],[30.2986,48.1103],[30.2931,48.1357],[30.3223,48.1346],[30.3349,48.1421],[30.3416,48.1599],[30.5018,48.1635],[30.5193,48.162],[30.5711,48.1504],[30.6099,48.145],[30.6262,48.1465],[30.6346,48.16],[30.6452,48.1666],[30.6584,48.1712],[30.7048,48.1816],[30.7452,48.1789],[30.7757,48.1791],[30.789,48.1778],[30.8,48.1691],[30.817,48.1591],[30.8338,48.1746],[30.8503,48.1853],[30.8632,48.1857],[30.8745,48.1792],[30.8801,48.1647],[30.8982,48.1577],[30.9127,48.1576],[30.9234,48.1644],[30.9375,48.1725],[30.9688,48.1792],[30.9816,48.1877],[30.9863,48.2],[31.007,48.2112],[31.0418,48.2191],[31.0626,48.221],[31.1349,48.2167],[31.1509,48.2131],[31.1686,48.2117],[31.1834,48.2079],[31.189,48.175],[31.2004,48.1654],[31.2232,48.1609],[31.2292,48.1386]]]]}},{"type":"Feature","properties":{"name":"Львівська область","Ukraine":true},"geometry":{"type":"MultiPolygon","coordinates":[[[[24.2589,50.5756],[24.2761,50.5852],[24.2973,50.5906],[24.3214,50.5926],[24.3338,50.5983],[24.3425,50.6068],[24.3585,50.6096],[24.3795,50.6009],[24.3976,50.5889],[24.4041,50.5773],[24.4342,50.549],[24.4465,50.5462],[24.4747,50.5508],[24.491,50.5493],[24.5306,50.524],[24.5384,50.5112],[24.5323,50.4969],[24.522,50.49],[24.4634,50.4788],[24.4518,50.4729],[24.4567,50.4613],[24.4988,50.4396],[24.5062,50.4293],[24.5031,50.414],[24.5152,50.4061],[24.5294,50.4066],[24.5418,50.4109],[24.5463,50.4291],[24.5582,50.4384],[24.5701,50.4319],[24.5782,50.4212],[24.591,50.417],[24.6229,50.416],[24.6378,50.4091],[24.6468,50.3929],[24.6882,50.3767],[24.6985,50.3702],[24.7022,50.3563],[24.7131,50.3455],[24.773,50.3405],[24.7877,50.3414],[24.8061,50.3466],[24.8254,50.352],[24.8484,50.3549],[24.9114,50.3481],[24.924,50.3495],[24.9286,50.3638],[24.9415,50.3687],[24.9551,50.3643],[24.9831,50.3521],[25.0039,50.3457],[25.0341,50.3494],[25.0489,50.3473],[25.0616,50.3379],[25.0656,50.3234],[25.0635,50.2948],[25.07,50.2846],[25.0838,50.2805],[25.1041,50.2794],[25.1162,50.2801],[25.1529,50.2925],[25.1694,50.2945],[25.1866,50.2916],[25.1998,50.2836],[25.2078,50.2634],[25.2075,50.2501],[25.1963,50.2385],[25.1677,50.22],[25.1691,50.2066],[25.1882,50.1917],[25.1851,50.1572],[25.184,50.1401],[25.1854,50.128],[25.1932,50.1027],[25.2959,50.0413],[25.3676,50.0131],[25.3704,49.9997],[25.3824,49.9893],[25.4037,49.9797],[25.4135,49.9681],[25.4281,49.9549],[25.4339,49.9416],[25.4178,49.9332],[25.4037,49.9327],[25.3884,49.9192],[25.3926,49.9037],[25.3963,49.8895],[25.3842,49.8764],[25.3587,49.8667],[25.3335,49.8638],[25.3086,49.8546],[25.281,49.849],[25.2453,49.8362],[25.1662,49.8259],[25.146,49.8212],[25.0988,49.8173],[25.0849,49.8054],[25.0783,49.7879],[25.0861,49.767],[25.1029,49.7506],[25.1082,49.7369],[25.1013,49.7253],[25.0726,49.7127],[25.0579,49.7106],[25.0456,49.711],[25.0341,49.7173],[25.0215,49.7176],[24.9938,49.6857],[24.9884,49.675],[24.9822,49.6647],[24.9542,49.6303],[24.7751,49.5634],[24.7576,49.5614],[24.7388,49.563],[24.729,49.555],[24.7235,49.5226],[24.7198,49.5103],[24.707,49.4918],[24.6927,49.4908],[24.6734,49.4965],[24.6547,49.4967],[24.6415,49.5003],[24.6152,49.5161],[24.5959,49.5222],[24.5723,49.5247],[24.4966,49.5115],[24.4499,49.5167],[24.4332,49.5121],[24.4183,49.4951],[24.4133,49.4834],[24.422,49.4713],[24.4279,49.4576],[24.4208,49.4418],[24.3905,49.4098],[24.3833,49.3938],[24.418,49.3791],[24.4232,49.3664],[24.386,49.3404],[24.3764,49.331],[24.3577,49.3219],[24.3441,49.3201],[24.3222,49.3199],[24.2908,49.3139],[24.2818,49.301],[24.2865,49.2898],[24.2998,49.2852],[24.3135,49.2893],[24.3342,49.3016],[24.3506,49.3031],[24.3629,49.2973],[24.3638,49.2833],[24.3559,49.2733],[24.3569,49.241],[24.387,49.2319],[24.4058,49.2307],[24.4176,49.2352],[24.444,49.2117],[24.444,49.1974],[24.4249,49.1854],[24.4057,49.1804],[24.3889,49.1805],[24.3728,49.1831],[24.3555,49.1815],[24.316,49.1717],[24.2736,49.1551],[24.2415,49.149],[24.2164,49.1501],[24.1582,49.135],[24.1405,49.135],[24.0967,49.1444],[24.0845,49.1456],[24.0683,49.1431],[24.0234,49.1216],[24.0115,49.1179],[23.9675,49.1269],[23.9502,49.1274],[23.9217,49.1125],[23.9057,49.1072],[23.855,49.1056],[23.7547,49.1149],[23.7386,49.1132],[23.711,49.1043],[23.6936,49.0946],[23.6841,49.0868],[23.6554,49.0307],[23.6477,49.0184],[23.6237,49.0004],[23.5979,48.9847],[23.5816,48.9773],[23.5535,48.8955],[23.549,48.8804],[23.5632,48.8656],[23.5716,48.8532],[23.5753,48.8339],[23.5329,48.7237],[23.5086,48.7304],[23.4458,48.7267],[23.4256,48.7277],[23.3972,48.7316],[23.378,48.7371],[23.3704,48.7497],[23.3657,48.7643],[23.3505,48.772],[23.3266,48.7552],[23.3139,48.7505],[23.3029,48.7581],[23.302,48.773],[23.2907,48.7809],[23.2715,48.7729],[23.2576,48.7722],[23.2116,48.7752],[23.1935,48.781],[23.1798,48.7903],[23.1604,48.8135],[23.1376,48.8522],[23.1194,48.8672],[23.105,48.8713],[23.0768,48.8683],[23.0365,48.8594],[23.0203,48.8553],[22.9959,48.8553],[22.9821,48.859],[22.9719,48.8702],[22.9612,48.8843],[22.926,48.9041],[22.9005,48.9236],[22.892,48.9353],[22.8889,48.9505],[22.8899,48.9629],[22.9024,48.9833],[22.8831,49.0059],[22.865,49.0132],[22.8475,49.0337],[22.8444,49.0567],[22.8535,49.0763],[22.8413,49.0949],[22.7965,49.1114],[22.7781,49.1203],[22.7488,49.1456],[22.7164,49.1606],[22.7057,49.1688],[22.6925,49.1579],[22.6871,49.1734],[22.7029,49.195],[22.7171,49.2304],[22.7339,49.2609],[22.7378,49.2754],[22.7242,49.367],[22.7198,49.383],[22.6926,49.4055],[22.6796,49.4189],[22.6731,49.4358],[22.6669,49.4784],[22.6601,49.493],[22.6409,49.5287],[22.6658,49.5674],[22.7417,49.6336],[22.7589,49.6656],[22.7773,49.6805],[22.7988,49.6833],[22.8266,49.6974],[22.8882,49.7697],[22.8979,49.7774],[22.9244,49.7854],[22.9377,49.7982],[22.9459,49.8183],[22.993,49.8544],[23.1015,49.9571],[23.1413,49.9855],[23.1778,50.004],[23.2079,50.0339],[23.4364,50.1935],[23.4816,50.2159],[23.5361,50.2428],[23.5653,50.2578],[23.6442,50.3127],[23.658,50.3256],[23.6712,50.3535],[23.6822,50.3682],[23.6957,50.3768],[23.713,50.3824],[23.7475,50.3894],[23.9287,50.3908],[23.9813,50.4048],[24.0032,50.4377],[24.0094,50.4615],[24.0079,50.4807],[24.0107,50.4928],[24.075,50.5143],[24.0939,50.5271],[24.1065,50.5386],[24.0954,50.5569],[24.0853,50.6044],[24.1084,50.6299],[24.1259,50.6418],[24.1386,50.6439],[24.1525,50.6445],[24.1647,50.6402],[24.1709,50.6214],[24.1943,50.6139],[24.2088,50.5967],[24.2292,50.5854],[24.2478,50.5818],[24.2589,50.5756]]]]}},{"type":"Feature","properties":{"name":"Кіровоградська область","Ukraine":true},"geometry":{"type":"MultiPolygon","coordinates":[[[[33.3831,48.9396],[33.395,48.9466],[33.4106,48.9536],[33.425,48.9509],[33.4564,48.9417],[33.4674,48.936],[33.4812,48.9272],[33.5247,48.9157],[33.5403,48.9058],[33.5597,48.9035],[33.571,48.9085],[33.5815,48.9214],[33.597,48.9224],[33.6333,48.9105],[33.6516,48.8993],[33.6626,48.8846],[33.6667,48.8712],[33.68,48.8729],[33.6898,48.8988],[33.7008,48.9082],[33.7299,48.9106],[33.7446,48.9156],[33.7785,48.9225],[33.8074,48.9034],[33.8249,48.9],[33.8593,48.8996],[33.876,48.8974],[33.892,48.8917],[33.9194,48.8658],[33.8939,48.8403],[33.8879,48.8275],[33.8806,48.8149],[33.864,48.8021],[33.8501,48.7937],[33.8351,48.7688],[33.8257,48.7594],[33.811,48.762],[33.8052,48.7786],[33.8038,48.7935],[33.787,48.7845],[33.7748,48.779],[33.7739,48.7977],[33.7604,48.8071],[33.7444,48.8054],[33.7213,48.7863],[33.7089,48.7825],[33.6946,48.7871],[33.6892,48.8002],[33.6771,48.8066],[33.6648,48.8076],[33.6194,48.7842],[33.6069,48.7842],[33.5945,48.7939],[33.5784,48.7917],[33.5576,48.772],[33.5609,48.7556],[33.5793,48.7443],[33.5917,48.7265],[33.6035,48.7203],[33.6594,48.7138],[33.6864,48.7022],[33.7565,48.6977],[33.7652,48.6863],[33.7751,48.6789],[33.8141,48.6727],[33.813,48.6596],[33.7998,48.6531],[33.784,48.6495],[33.7663,48.6457],[33.7303,48.6204],[33.6166,48.5828],[33.5804,48.5594],[33.5661,48.5626],[33.4777,48.541],[33.4491,48.5284],[33.4414,48.5131],[33.4458,48.5001],[33.4578,48.4985],[33.4606,48.4837],[33.4845,48.4439],[33.4763,48.4327],[33.473,48.4149],[33.487,48.4069],[33.4896,48.3926],[33.4953,48.3719],[33.4987,48.3198],[33.5033,48.3065],[33.5191,48.3021],[33.5264,48.2899],[33.5162,48.2427],[33.4969,48.2323],[33.4817,48.2314],[33.4594,48.2135],[33.4164,48.1852],[33.4029,48.1752],[33.3844,48.1719],[33.3695,48.1745],[33.3571,48.1843],[33.3441,48.1835],[33.3352,48.1708],[33.2947,48.1408],[33.2833,48.1233],[33.2758,48.1073],[33.2624,48.1042],[33.2545,48.1208],[33.2579,48.1343],[33.2541,48.1694],[33.242,48.1739],[33.233,48.1533],[33.228,48.1413],[33.2262,48.1252],[33.2282,48.1104],[33.2257,48.098],[33.2179,48.087],[33.187,48.0795],[33.1495,48.0817],[33.1343,48.0769],[33.12,48.0698],[33.104,48.0575],[33.095,48.0455],[33.0764,48.0336],[33.0615,48.0289],[33.0461,48.0001],[33.0352,47.9665],[33.0193,47.9744],[33.0161,47.9931],[32.9924,48.0177],[32.9842,48.0294],[32.9792,48.0427],[32.9493,48.0346],[32.918,48.0372],[32.8941,48.035],[32.8819,48.0255],[32.8819,48.0106],[32.8856,47.9989],[32.8756,47.9907],[32.8444,47.9862],[32.8344,47.973],[32.8246,47.9656],[32.8067,47.9696],[32.7898,47.9844],[32.7776,47.9893],[32.758,47.984],[32.7167,47.9788],[32.7039,47.9742],[32.6927,47.9679],[32.6846,47.9588],[32.6813,47.9468],[32.6891,47.9348],[32.7109,47.9313],[32.7162,47.9191],[32.7063,47.9086],[32.6793,47.9065],[32.6655,47.9029],[32.6616,47.8902],[32.6705,47.8787],[32.6706,47.8631],[32.679,47.8513],[32.6555,47.8393],[32.6494,47.826],[32.6483,47.8065],[32.467,47.7811],[32.3913,47.7982],[32.3745,47.8018],[32.3525,47.7962],[32.3254,47.8085],[32.2987,47.8199],[32.2706,47.824],[32.2344,47.8204],[32.2216,47.8158],[32.1933,47.7866],[32.1804,47.7691],[32.1691,47.7577],[32.1584,47.7512],[32.1387,47.7475],[32.1193,47.7512],[32.0999,47.7584],[32.0869,47.7672],[32.0744,47.7848],[32.0639,47.7921],[32.0406,47.8005],[32.0299,47.8076],[31.9859,47.8129],[31.9683,47.8094],[31.9601,47.7966],[31.8681,47.7951],[31.8524,47.8031],[31.8524,47.8169],[31.8495,47.8311],[31.8398,47.8425],[31.8445,47.8564],[31.8618,47.8735],[31.8662,47.8878],[31.8397,47.9147],[31.8319,47.9267],[31.8265,47.94],[31.8167,47.947],[31.7851,47.9442],[31.7682,47.9526],[31.7554,47.9635],[31.7235,47.9998],[31.7095,48.0168],[31.7509,48.0364],[31.7628,48.0419],[31.7713,48.0509],[31.773,48.0632],[31.7668,48.0759],[31.7603,48.0924],[31.7441,48.0982],[31.7049,48.0933],[31.6919,48.0951],[31.6758,48.1016],[31.656,48.1013],[31.6403,48.1063],[31.6272,48.1166],[31.5998,48.1142],[31.5892,48.1062],[31.5892,48.0915],[31.565,48.0827],[31.5514,48.0879],[31.5337,48.0868],[31.5278,48.066],[31.5175,48.0549],[31.5008,48.0602],[31.5065,48.0742],[31.5126,48.103],[31.5073,48.1162],[31.4442,48.1159],[31.4313,48.1134],[31.4193,48.1088],[31.4004,48.1115],[31.3919,48.1213],[31.3685,48.1204],[31.3513,48.1125],[31.2503,48.1209],[31.2376,48.1255],[31.2295,48.1349],[31.23,48.1544],[31.2004,48.1654],[31.1898,48.1715],[31.1865,48.2016],[31.1774,48.2101],[31.1509,48.2131],[31.1349,48.2167],[31.0626,48.221],[31.0418,48.2191],[31.007,48.2112],[30.9938,48.2055],[30.9836,48.1913],[30.9761,48.1816],[30.9375,48.1725],[30.9234,48.1644],[30.9127,48.1576],[30.8982,48.1577],[30.8851,48.161],[30.8773,48.1725],[30.8678,48.184],[30.8503,48.1853],[30.8365,48.1777],[30.8272,48.1619],[30.8065,48.1618],[30.7991,48.1726],[30.7757,48.1791],[30.7452,48.1789],[30.7161,48.1825],[30.6584,48.1712],[30.6452,48.1666],[30.6346,48.16],[30.6288,48.149],[30.6099,48.145],[30.5711,48.1504],[30.5273,48.161],[30.5103,48.1622],[30.3475,48.1635],[30.3349,48.1421],[30.3223,48.1346],[30.2931,48.1357],[30.0835,48.1437],[30.0478,48.1552],[30.0278,48.1748],[30.0132,48.1993],[29.9967,48.221],[29.9839,48.2177],[29.9678,48.2113],[29.9537,48.2102],[29.9353,48.2211],[29.9207,48.2193],[29.8918,48.185],[29.8766,48.18],[29.8558,48.1933],[29.8314,48.2081],[29.8161,48.2103],[29.8,48.2061],[29.7748,48.2031],[29.7785,48.2189],[29.7867,48.2283],[29.7833,48.2412],[29.7836,48.2537],[29.75,48.2608],[29.7389,48.2671],[29.7615,48.2946],[29.7754,48.3169],[29.7779,48.3297],[29.7773,48.3447],[29.783,48.3569],[29.8198,48.3817],[29.8417,48.3998],[29.8586,48.4171],[29.8834,48.4326],[29.8975,48.4341],[29.9124,48.4319],[29.9173,48.4202],[29.9252,48.4042],[29.9332,48.3841],[29.9473,48.3773],[29.9582,48.3836],[29.9799,48.4022],[29.9939,48.4189],[30.0046,48.4243],[30.0388,48.4277],[30.0518,48.4335],[30.0761,48.4551],[30.1084,48.4533],[30.1208,48.4564],[30.1461,48.4742],[30.1744,48.4892],[30.1936,48.4935],[30.2062,48.4878],[30.2206,48.4792],[30.2356,48.4768],[30.25,48.4796],[30.3849,48.5305],[30.3902,48.5424],[30.393,48.5555],[30.4031,48.5674],[30.4147,48.5719],[30.438,48.5727],[30.4565,48.5708],[30.4703,48.5614],[30.4844,48.5535],[30.5573,48.5591],[30.5741,48.5651],[30.5778,48.5813],[30.5775,48.6011],[30.5479,48.6148],[30.5542,48.6323],[30.5919,48.6544],[30.6014,48.6638],[30.6107,48.6917],[30.609,48.7036],[30.6154,48.7222],[30.6384,48.7333],[30.6684,48.7523],[30.7023,48.7652],[30.7207,48.7669],[30.7469,48.7656],[30.7589,48.7639],[30.7774,48.7596],[30.791,48.7607],[30.8039,48.7587],[30.8201,48.7498],[30.8675,48.7564],[30.8882,48.754],[30.9381,48.7562],[30.9662,48.7508],[30.9906,48.7494],[31.0205,48.7435],[31.039,48.7363],[31.0503,48.7299],[31.0674,48.7274],[31.116,48.7283],[31.1321,48.7318],[31.1799,48.751],[31.2236,48.7538],[31.2359,48.7523],[31.2581,48.7475],[31.2809,48.7483],[31.2936,48.747],[31.3091,48.7428],[31.3245,48.7283],[31.3369,48.7254],[31.3543,48.7337],[31.367,48.7335],[31.3894,48.7383],[31.4105,48.7451],[31.4417,48.751],[31.4547,48.756],[31.47,48.7762],[31.4756,48.7933],[31.4906,48.8111],[31.5172,48.8259],[31.5273,48.8352],[31.5313,48.8466],[31.5321,48.8723],[31.5295,48.891],[31.5295,48.904],[31.535,48.9174],[31.5531,48.9262],[31.592,48.9183],[31.6511,48.9174],[31.6665,48.9252],[31.6764,48.9399],[31.6895,48.9445],[31.7244,48.9437],[31.8102,48.9239],[31.8415,48.9099],[31.8541,48.8983],[31.8645,48.8708],[31.8748,48.8616],[31.8867,48.8597],[31.9013,48.8656],[31.9196,48.8794],[31.9314,48.8914],[31.9528,48.9021],[31.9977,48.912],[32.0208,48.9267],[32.0364,48.9261],[32.0451,48.9171],[32.08,48.9197],[32.0906,48.9134],[32.1042,48.9097],[32.1213,48.9102],[32.1343,48.9157],[32.1436,48.9358],[32.146,48.948],[32.1343,48.9583],[32.1381,48.9716],[32.1494,48.9801],[32.1851,48.9949],[32.2048,49.0153],[32.2144,49.0245],[32.2303,49.0444],[32.2414,49.052],[32.2535,49.0522],[32.2794,49.0471],[32.2874,49.0565],[32.2888,49.07],[32.3013,49.0779],[32.3268,49.0882],[32.341,49.0873],[32.3424,49.0729],[32.3553,49.0632],[32.3618,49.0504],[32.3805,49.0432],[32.3966,49.0413],[32.4155,49.0421],[32.434,49.0524],[32.4487,49.0575],[32.4542,49.0253],[32.463,49.0098],[32.5015,48.9754],[32.511,48.9567],[32.5128,48.9381],[32.5269,48.9277],[32.5406,48.9277],[32.5519,48.9366],[32.5535,48.9485],[32.5677,48.9579],[32.5829,48.9539],[32.5947,48.9476],[32.6082,48.9443],[32.621,48.9436],[32.6343,48.946],[32.6524,48.9562],[32.6622,48.9639],[32.6697,48.9741],[32.683,48.9863],[32.6954,48.9869],[32.7321,48.9723],[32.7439,48.9656],[32.7592,48.9623],[32.7752,48.9617],[32.7873,48.9668],[32.7994,48.9763],[32.8449,49.0012],[32.8543,49.0103],[32.8491,49.0229],[32.8311,49.0256],[32.8076,49.062],[32.8013,49.0739],[32.7991,49.112],[32.7895,49.1468],[32.782,49.1591],[32.7708,49.1697],[32.7592,49.1762],[32.7527,49.1881],[32.7749,49.2299],[32.7887,49.2618],[33.0382,49.1819],[33.142,49.1302],[33.1557,49.1206],[33.174,49.1013],[33.181,49.0898],[33.192,49.078],[33.2041,49.0709],[33.2971,49.0648],[33.3051,49.0545],[33.3174,49.0486],[33.3416,49.044],[33.3459,49.0327],[33.3226,49.0273],[33.3195,49.0122],[33.3105,49.0012],[33.2994,48.9955],[33.3191,48.9836],[33.3402,48.9653],[33.3655,48.9493],[33.3757,48.9413],[33.3831,48.9396]]]]}},{"type":"Feature","properties":{"name":"Тернопільська область","Ukraine":true},"geometry":{"type":"MultiPolygon","coordinates":[[[[26.1606,50.2415],[26.1953,50.2499],[26.2133,50.2613],[26.2273,50.2573],[26.2279,50.2424],[26.2172,50.2329],[26.209,50.2238],[26.203,50.2131],[26.205,50.1994],[26.2211,50.1914],[26.2304,50.1823],[26.2332,50.1523],[26.2118,50.1453],[26.2493,50.1309],[26.2659,50.1227],[26.273,50.1085],[26.2648,50.0967],[26.249,50.0925],[26.2121,50.0907],[26.208,50.0783],[26.2277,50.0664],[26.228,50.0471],[26.2189,50.0379],[26.2009,50.0317],[26.2023,50.0184],[26.2146,50.0143],[26.2276,50.0134],[26.2338,49.9987],[26.1703,49.9785],[26.1582,49.9728],[26.1504,49.9614],[26.1606,49.941],[26.1657,49.9268],[26.1561,49.9032],[26.1627,49.8867],[26.1815,49.8769],[26.1909,49.8693],[26.1937,49.8546],[26.1894,49.8368],[26.1868,49.8218],[26.1943,49.8097],[26.222,49.7937],[26.2321,49.7824],[26.2347,49.7629],[26.2333,49.7433],[26.2279,49.7283],[26.2166,49.7219],[26.2055,49.71],[26.2055,49.6963],[26.2146,49.6849],[26.2463,49.6671],[26.2538,49.6576],[26.2499,49.6432],[26.2311,49.6287],[26.2209,49.6165],[26.2142,49.5826],[26.2106,49.5704],[26.2019,49.562],[26.175,49.5527],[26.1643,49.544],[26.1504,49.5218],[26.1503,49.5052],[26.1558,49.4942],[26.1736,49.4688],[26.1823,49.451],[26.1914,49.4247],[26.2235,49.4034],[26.2301,49.3916],[26.2311,49.3716],[26.2381,49.3527],[26.2342,49.3298],[26.2386,49.3122],[26.2563,49.2936],[26.255,49.2782],[26.2476,49.2653],[26.2476,49.2493],[26.2269,49.2376],[26.2142,49.2324],[26.2058,49.2234],[26.2049,49.2108],[26.1984,49.1849],[26.2039,49.167],[26.2186,49.1549],[26.2201,49.1429],[26.2137,49.1318],[26.2109,49.1191],[26.2288,49.0868],[26.2314,49.0745],[26.2251,49.0626],[26.2105,49.0528],[26.2016,49.0446],[26.2013,49.0298],[26.208,49.0194],[26.218,49.0066],[26.2143,48.993],[26.2026,48.9907],[26.2035,48.9759],[26.2001,48.9631],[26.1888,48.9569],[26.1974,48.9444],[26.2018,48.926],[26.1957,48.913],[26.1954,48.9],[26.2124,48.9016],[26.2225,48.8916],[26.2186,48.8785],[26.2143,48.847],[26.2314,48.8231],[26.2589,48.813],[26.2456,48.8018],[26.2386,48.7906],[26.2285,48.7792],[26.2448,48.761],[26.2499,48.7471],[26.244,48.736],[26.2443,48.7125],[26.2373,48.6932],[26.2373,48.6799],[26.2541,48.6674],[26.2706,48.6632],[26.2845,48.6588],[26.2827,48.6454],[26.2937,48.6372],[26.3104,48.6433],[26.3171,48.632],[26.307,48.6174],[26.3151,48.6003],[26.3413,48.5901],[26.3554,48.5816],[26.3689,48.576],[26.3599,48.5669],[26.3574,48.5537],[26.3652,48.5401],[26.3805,48.5171],[26.355,48.5101],[26.3266,48.5115],[26.2941,48.5199],[26.269,48.5302],[26.2567,48.5334],[26.2389,48.5341],[26.1808,48.5267],[26.1495,48.5396],[26.1445,48.568],[26.1458,48.5963],[26.1331,48.6092],[26.1049,48.6111],[26.1023,48.5922],[26.1139,48.5704],[26.1296,48.5546],[26.1172,48.5419],[26.0991,48.5407],[26.0798,48.5473],[26.0642,48.5577],[26.0526,48.5717],[26.0608,48.616],[26.0623,48.6283],[26.0586,48.6419],[26.0334,48.6434],[26.0247,48.6214],[26.0103,48.6155],[25.9856,48.6235],[25.9738,48.6163],[25.9602,48.5964],[25.9441,48.5887],[25.9278,48.5869],[25.9116,48.5881],[25.863,48.6008],[25.8596,48.6187],[25.8385,48.6366],[25.821,48.6451],[25.8089,48.661],[25.7935,48.67],[25.7666,48.6576],[25.7575,48.6397],[25.7423,48.6297],[25.7312,48.6352],[25.723,48.659],[25.6712,48.6672],[25.6488,48.6714],[25.6362,48.6781],[25.643,48.6895],[25.6399,48.7085],[25.6304,48.7168],[25.6294,48.7296],[25.6389,48.7391],[25.6294,48.7601],[25.5953,48.7743],[25.5654,48.7934],[25.5484,48.799],[25.5229,48.801],[25.5056,48.8048],[25.4823,48.814],[25.4611,48.8253],[25.45,48.8358],[25.4627,48.8483],[25.4711,48.8625],[25.4469,48.8687],[25.4316,48.8671],[25.4329,48.8539],[25.4144,48.8469],[25.401,48.8497],[25.3887,48.854],[25.3761,48.8563],[25.3561,48.8546],[25.3537,48.8409],[25.3556,48.8283],[25.3541,48.8138],[25.3277,48.8147],[25.2772,48.7814],[25.251,48.7751],[25.239,48.801],[25.2501,48.8177],[25.3065,48.8283],[25.3277,48.842],[25.2736,48.859],[25.2501,48.8594],[25.2253,48.842],[25.2222,48.8597],[25.2267,48.8868],[25.2356,48.9119],[25.2458,48.9239],[25.2312,48.9321],[25.2195,48.9294],[25.1973,48.9177],[25.1831,48.9036],[25.178,48.884],[25.1736,48.8716],[25.1525,48.873],[25.1286,48.8982],[25.1223,48.9177],[25.1297,48.9344],[25.1196,48.9514],[25.067,48.9724],[25.0515,48.9743],[25.01,48.9686],[24.9926,48.9696],[24.9781,48.9771],[24.964,48.9928],[24.9582,49.008],[24.9503,49.0208],[24.9094,49.0338],[24.8976,49.0398],[24.8942,49.0537],[24.909,49.0616],[24.9271,49.0597],[24.9556,49.0501],[24.9719,49.0477],[24.9856,49.0517],[24.9927,49.0642],[24.9856,49.0769],[24.9846,49.089],[24.9764,49.1065],[24.9362,49.1165],[24.9171,49.1227],[24.9022,49.1209],[24.8903,49.1146],[24.8709,49.1117],[24.86,49.1194],[24.8577,49.1348],[24.86,49.1475],[24.8521,49.1685],[24.855,49.1816],[24.8734,49.1926],[24.8819,49.2058],[24.8824,49.2183],[24.8751,49.2388],[24.867,49.2502],[24.8456,49.2555],[24.8372,49.2659],[24.8357,49.2778],[24.831,49.2967],[24.8245,49.3102],[24.8265,49.3253],[24.8329,49.3396],[24.8217,49.3561],[24.8041,49.3889],[24.7885,49.4088],[24.707,49.4918],[24.7198,49.5103],[24.7235,49.5226],[24.729,49.555],[24.7388,49.563],[24.7517,49.5625],[24.7657,49.5618],[24.9482,49.6271],[24.9822,49.6647],[24.9884,49.675],[24.9938,49.6857],[25.0161,49.7134],[25.0267,49.7199],[25.0402,49.7123],[25.0579,49.7106],[25.0726,49.7127],[25.0947,49.7212],[25.1058,49.7293],[25.1068,49.7443],[25.0861,49.767],[25.078,49.7798],[25.0849,49.8054],[25.0931,49.8157],[25.146,49.8212],[25.1662,49.8259],[25.24,49.835],[25.281,49.849],[25.3027,49.8528],[25.328,49.8625],[25.3483,49.8647],[25.376,49.8725],[25.3898,49.88],[25.3966,49.8934],[25.3882,49.9098],[25.3932,49.927],[25.4178,49.9332],[25.432,49.938],[25.4305,49.9521],[25.416,49.9652],[25.4072,49.9774],[25.3824,49.9893],[25.3704,49.9997],[25.3676,50.0131],[25.3699,50.0282],[25.3813,50.0367],[25.3941,50.0349],[25.4075,50.0277],[25.4155,50.046],[25.4138,50.0616],[25.4484,50.0831],[25.4584,50.0924],[25.467,50.1052],[25.4503,50.1204],[25.4415,50.1323],[25.4488,50.1563],[25.461,50.1641],[25.4975,50.1588],[25.519,50.1525],[25.5444,50.1483],[25.5563,50.1425],[25.5751,50.1434],[25.6024,50.1596],[25.6179,50.1583],[25.6292,50.1506],[25.6458,50.1544],[25.6668,50.1673],[25.6928,50.1731],[25.809,50.1791],[25.8227,50.1837],[25.9232,50.2528],[25.9472,50.2645],[25.97,50.2627],[25.9985,50.2557],[26.0122,50.2538],[26.0487,50.2631],[26.0653,50.2652],[26.0831,50.2625],[26.1472,50.2426],[26.1606,50.2415]]]]}},{"type":"Feature","properties":{"name":"Закарпатська область","Ukraine":true},"geometry":{"type":"MultiPolygon","coordinates":[[[[22.6644,49.0414],[22.6858,49.0428],[22.7219,49.041],[22.7445,49.0455],[22.7655,49.0384],[22.784,49.0213],[22.8129,49.0128],[22.835,48.9997],[22.8553,48.994],[22.8669,49.01],[22.8831,49.0059],[22.9013,48.9913],[22.8931,48.9702],[22.8893,48.9588],[22.8892,48.9466],[22.8954,48.9293],[22.926,48.9041],[22.9612,48.8843],[22.9704,48.8737],[22.979,48.8614],[22.9959,48.8553],[23.0116,48.8547],[23.0273,48.8564],[23.0768,48.8683],[23.105,48.8713],[23.1194,48.8672],[23.1376,48.8522],[23.1604,48.8135],[23.1798,48.7903],[23.1935,48.781],[23.2116,48.7752],[23.2576,48.7722],[23.2715,48.7729],[23.2907,48.7809],[23.302,48.773],[23.3029,48.7581],[23.3139,48.7505],[23.3266,48.7552],[23.3421,48.769],[23.3567,48.7707],[23.3693,48.7596],[23.3713,48.7456],[23.3857,48.7343],[23.4256,48.7277],[23.4458,48.7267],[23.4985,48.7312],[23.5329,48.7237],[23.5738,48.7158],[23.6124,48.7038],[23.6745,48.6544],[23.693,48.6447],[23.709,48.6429],[23.7242,48.6464],[23.7478,48.6479],[23.7605,48.6468],[23.7766,48.6421],[23.783,48.6297],[23.7809,48.6155],[23.7817,48.6034],[23.7915,48.5938],[23.847,48.5628],[23.8648,48.5578],[23.8773,48.5565],[23.8949,48.5496],[23.9068,48.538],[23.9136,48.5275],[23.9167,48.5154],[23.9105,48.5002],[23.9074,48.4847],[23.9172,48.4743],[23.936,48.4702],[23.9524,48.4728],[23.964,48.4786],[23.9805,48.4907],[24.0014,48.5001],[24.0462,48.5051],[24.0649,48.5105],[24.1138,48.5322],[24.1293,48.5334],[24.1377,48.5203],[24.1354,48.5063],[24.1354,48.4933],[24.1408,48.4753],[24.1388,48.4631],[24.1312,48.4345],[24.1324,48.414],[24.1394,48.3838],[24.1511,48.3689],[24.1633,48.3609],[24.1777,48.3546],[24.2083,48.3507],[24.2341,48.3505],[24.2566,48.3531],[24.2707,48.3571],[24.2848,48.366],[24.2986,48.385],[24.3132,48.3855],[24.3317,48.3748],[24.3394,48.365],[24.343,48.3528],[24.3458,48.3402],[24.3779,48.3364],[24.3916,48.3311],[24.4106,48.3168],[24.4304,48.3068],[24.4949,48.2666],[24.521,48.2351],[24.5415,48.2127],[24.5407,48.1983],[24.5297,48.1848],[24.5216,48.1711],[24.5231,48.1553],[24.532,48.141],[24.6068,48.0886],[24.6403,48.0567],[24.5882,47.9959],[24.5824,47.9843],[24.5723,47.9495],[24.5698,47.9375],[24.5421,47.9438],[24.4855,47.9432],[24.4285,47.9525],[24.4092,47.9521],[24.3862,47.9437],[24.3472,47.9209],[24.2979,47.9198],[24.231,47.897],[24.2093,47.8976],[24.1502,47.9129],[24.1312,47.9145],[24.0948,47.9379],[24.0749,47.9442],[24.0252,47.9532],[24.0088,47.9612],[23.9773,47.9623],[23.8766,47.9344],[23.8552,47.9342],[23.8484,47.9496],[23.7965,47.982],[23.7801,47.9875],[23.7105,47.9851],[23.6873,47.9872],[23.6461,47.9966],[23.5817,48.0016],[23.5632,48.0057],[23.5256,48.0012],[23.5037,47.9929],[23.4943,47.9805],[23.4816,47.9721],[23.4608,47.9713],[23.396,47.993],[23.3822,47.9911],[23.3673,47.9912],[23.3375,48.0109],[23.2898,48.0382],[23.2486,48.0712],[23.2314,48.0797],[23.1617,48.0959],[23.1391,48.0981],[23.1186,48.0915],[23.099,48.0712],[23.0766,48.0245],[23.0631,48.0074],[23.0203,47.9847],[23.0044,47.9831],[22.9882,47.9864],[22.9725,47.9929],[22.9571,48.0001],[22.9393,48.0056],[22.9241,48.0048],[22.9157,47.993],[22.9242,47.9727],[22.9158,47.9592],[22.8979,47.951],[22.8776,47.9467],[22.8408,47.9668],[22.8324,47.9789],[22.8495,47.9931],[22.8513,48.0088],[22.8616,48.0284],[22.8548,48.0473],[22.8443,48.061],[22.831,48.0724],[22.8014,48.0909],[22.7656,48.1045],[22.7457,48.1163],[22.7286,48.1131],[22.7116,48.1058],[22.6932,48.1017],[22.6212,48.1017],[22.608,48.0968],[22.583,48.1248],[22.5689,48.1565],[22.5558,48.1772],[22.4814,48.2426],[22.469,48.2441],[22.4497,48.2377],[22.4342,48.2367],[22.4184,48.239],[22.3988,48.2443],[22.3865,48.243],[22.3708,48.2374],[22.3571,48.2431],[22.3081,48.2937],[22.2974,48.314],[22.2964,48.3278],[22.2987,48.3491],[22.2843,48.3584],[22.2568,48.3573],[22.257,48.3732],[22.2718,48.4034],[22.2361,48.4153],[22.202,48.4182],[22.1692,48.4095],[22.1593,48.4023],[22.1328,48.4048],[22.1338,48.4768],[22.1448,48.4931],[22.1483,48.5088],[22.1367,48.5493],[22.1387,48.5696],[22.1537,48.5858],[22.219,48.6209],[22.2357,48.6441],[22.2555,48.6568],[22.2822,48.6624],[22.2943,48.6676],[22.3103,48.6817],[22.3225,48.7003],[22.3289,48.7216],[22.3277,48.743],[22.3307,48.7564],[22.3478,48.7679],[22.3634,48.7876],[22.3635,48.8283],[22.3623,48.8442],[22.3689,48.8564],[22.3784,48.8654],[22.4024,48.8788],[22.4118,48.8878],[22.4136,48.9068],[22.4273,48.9294],[22.449,48.9714],[22.4666,48.9805],[22.505,48.9842],[22.5205,48.9929],[22.5201,49.0098],[22.5247,49.0329],[22.532,49.0557],[22.5396,49.0722],[22.5607,49.0855],[22.5808,49.0814],[22.6183,49.0542],[22.6429,49.0432],[22.6644,49.0414]]]]}}]}
